revision,id,subject,level,verdict,reason
main,test/algebra/1184.json,Algebra,4,unlikely_right,Stuck restating the operation pattern verbatim without computing terms toward the answer.
main,test/algebra/1529.json,Algebra,3,headed_right,"Correctly computed t(g(16)) = 3 - sqrt(4) = 1, matching the ground truth, before looping on 'Wait, no' instead of stopping."
main,test/algebra/2023.json,Algebra,3,headed_right,"Model already derived x=1 works and matches the ground truth, just repetitively re-confirming it."
main,test/algebra/2517.json,Algebra,5,unlikely_right,"Correctly simplified to 1/b^2 - a^2 but then appears to maximize using a=-6 instead of a=-2, giving a magnitude (~35.9) inconsistent with the ground truth -35/9."
main,test/algebra/2626.json,Algebra,5,headed_right,"Correct setup A=24000(1.01)^30 with intermediate factor ~1.3482, consistent with the ground-truth answer, just looping on decimal decomposition."
main,test/algebra/2779.json,Algebra,5,headed_right,"Correctly derived 11√2+9√3 (sum 20) twice, matching the ground truth despite looping in self-doubt."
main,test/algebra/518.json,Algebra,3,headed_right,"Correctly establishes m_jen*a_jen = m_jack*a_jack, which directly yields the correct ratio 3/4."
main,test/algebra/661.json,Algebra,3,unlikely_right,Stuck repeating the same confused reasoning about day 26/23 with no forward progress toward computing 36.
main,test/algebra/972.json,Algebra,4,unlikely_right,"Loops indefinitely on the same confused sign-substitution step, never resolving the case analysis needed to reach 11/2."
main,test/counting_and_probability/1003.json,Counting & Probability,5,unlikely_right,"Stuck in a repetitive loop questioning what F is, no progress toward computing m/n."
main,test/counting_and_probability/181.json,Counting & Probability,5,unlikely_right,Repeatedly derives a non-integer n=37/3 and loops without correcting the square-counting formula to reach n=19.
main,test/counting_and_probability/238.json,Counting & Probability,4,unlikely_right,Stuck repeating the same descriptive sentence about seat placement with no combinatorial computation toward 10080.
main,test/counting_and_probability/282.json,Counting & Probability,4,unlikely_right,"Trajectory devolves into an unrelated incrementing number list, a hopeless derailment."
main,test/counting_and_probability/525.json,Counting & Probability,5,unlikely_right,Correct gap-method answer (144) matches ground truth but the trajectory is stuck oscillating with a flawed inclusion-exclusion result (96) and repeating the same confusion rather than resolving toward 144.
main,test/geometry/106.json,Geometry,2,headed_right,"Correct triangle-inequality reasoning (c<16, max c=15) already yields perimeter 31 matching ground truth, just looping before finalizing."
main,test/geometry/248.json,Geometry,2,headed_right,"Already correctly derived h=5 (matching ground truth) via V=pi*9*h=45pi, just looping on irrelevant diagram-scaling confusion."
main,test/geometry/434.json,Geometry,1,unlikely_right,Stuck in a repetitive loop re-deriving the same setup without applying isosceles/parallel-line angle relations to reach x=28.
main,test/geometry/627.json,Geometry,4,unlikely_right,"Model loops through configurations always getting x=6, contradicting the required x>7, never finding a valid arrangement."
main,test/geometry/817.json,Geometry,5,unlikely_right,"Derives r=14/(1+sqrt2)≈5.8 and cannot reconcile it with a clean fraction, contradicting the true answer 14/3."
main,test/geometry/846.json,Geometry,2,headed_right,"Despite looping, it correctly derives angle BAC = 90 degrees, matching the ground truth."
main,test/geometry/880.json,Geometry,5,unlikely_right,Stuck in a circular loop re-deriving the same wall-position ambiguity without setting up the unfolding/distance calculation.
main,test/intermediate_algebra/1197.json,Intermediate Algebra,5,unlikely_right,Derives contradictory k values and loops repeating the same failed contradiction endlessly.
main,test/intermediate_algebra/1279.json,Intermediate Algebra,5,unlikely_right,Loops indefinitely repeating the same restated sum expression without advancing the solution.
main,test/intermediate_algebra/128.json,Intermediate Algebra,2,unlikely_right,CoT is stuck in an unresolved repetitive loop re-deriving the same substitution step without ever completing the parity chain to reach 'even'.
main,test/intermediate_algebra/1350.json,Intermediate Algebra,5,unlikely_right,Stuck in an infinite repeating loop ('sum of numbers is 0') with no numeric convergence toward 14.
main,test/intermediate_algebra/1422.json,Intermediate Algebra,3,headed_right,"Already correctly derived the four distinct rational roots and stated the answer 4, matching ground truth, just looping on the conclusion."
main,test/intermediate_algebra/1508.json,Intermediate Algebra,5,unlikely_right,"Gets stuck repeating 'x-1=x^2... Wait, no' indefinitely without resolving or using periodicity."
main,test/intermediate_algebra/1544.json,Intermediate Algebra,5,unlikely_right,Repeats the same 'each r gives a unique quadratic' sentence in a loop without ever counting or resolving the six cases.
main,test/intermediate_algebra/2015.json,Intermediate Algebra,5,unlikely_right,"Stuck in an infinite repeating loop of the same expression, making no progress toward the answer."
main,test/intermediate_algebra/2022.json,Intermediate Algebra,5,unlikely_right,Devolves into an unproductive loop of 'perhaps n= something else' with no concrete derivation toward the answer 64.
main,test/intermediate_algebra/345.json,Intermediate Algebra,4,unlikely_right,"Derivation is inconsistent (r^11 vs r^12) and the CoT loops through the same block repeatedly without resolving the ratio, never approaching 504."
main,test/intermediate_algebra/558.json,Intermediate Algebra,5,unlikely_right,"Model repeats the same vague paragraph about f(f(x))=x having solutions without ever solving for the interval (3,4]."
main,test/intermediate_algebra/582.json,Intermediate Algebra,5,unlikely_right,Model loops on a trivial algebraic restatement (x^10=(13x-1)^10) without ever using Vieta's formulas to reach 850.
main,test/intermediate_algebra/623.json,Intermediate Algebra,2,unlikely_right,Model correctly narrows domain to x≠0 but wrongly declares a=b=0 'impossible' and loops without resolving to a+b=0.
main,test/intermediate_algebra/776.json,Intermediate Algebra,4,headed_right,"Model already tests continued fraction 1+1/(3+1/(1+...)) which uses b=3 matching the ground truth, just stuck looping while verifying."
main,test/intermediate_algebra/955.json,Intermediate Algebra,5,unlikely_right,Endless unproductive case-listing loop with no convergence toward a bound or the value 17.
main,test/intermediate_algebra/960.json,Intermediate Algebra,5,unlikely_right,Stuck in an identical repeated sentence loop with no progress toward summing the series.
main,test/intermediate_algebra/964.json,Intermediate Algebra,5,headed_right,"The recursion correctly stabilizes and repeatedly concludes f(2015,2)=1, matching the ground truth answer."
main,test/number_theory/1002.json,Number Theory,5,unlikely_right,"Despite computing the correct value 1440 along the way, the model gets confused and loops repeatedly without resolving the contradiction it invents."
main,test/number_theory/1055.json,Number Theory,5,unlikely_right,Model degenerates into an endless repetition of 'which is 21' with no coherent progress toward 203.
main,test/number_theory/132.json,Number Theory,1,headed_right,"Repeated arithmetic confirms 12*167=2004 exactly, correctly giving remainder 0."
main,test/number_theory/22.json,Number Theory,3,unlikely_right,Degenerates into an infinite repeating loop of 'maybe I need to check k= something else' with no further progress.
main,test/number_theory/417.json,Number Theory,4,headed_right,"Correctly factored 450 and derived the answer 11111111100 matching ground truth, just looping before formatting."
main,test/number_theory/516.json,Number Theory,4,unlikely_right,"Model miscomputes the decimal value (1326 instead of 1358), yielding octal 2456 not 2516, then loops repeating the same wrong computation."
main,test/number_theory/598.json,Number Theory,3,unlikely_right,Correct setup (pairing 2s and 5s) derails into a long-division loop with a self-contradicting check (0.268*78.125≠21) that never resolves to .0000672.
main,test/number_theory/612.json,Number Theory,1,headed_right,"The reasoning already correctly concludes the maximum remainder is 2, matching the ground truth, just repeating the correct conclusion instead of formatting it."
main,test/number_theory/679.json,Number Theory,2,headed_right,"Correctly summed the earnings to $126.59, so the correct 59-cent answer is already present, just not stated."
main,test/number_theory/864.json,Number Theory,3,unlikely_right,"Already correctly computed 52_8 via base-10 conversion matching ground truth, but is now looping in a redundant, confused verification attempt rather than concluding."
main,test/prealgebra/1128.json,Prealgebra,5,unlikely_right,"Endlessly loops in confusion over how to treat the hair component, never resolving the count."
main,test/prealgebra/1139.json,Prealgebra,5,unlikely_right,Stuck in a repeating loop of the same confused reasoning with no progress toward counting distinct values.
main,test/prealgebra/1187.json,Prealgebra,2,unlikely_right,Stuck in a repetitive contradiction loop about impossible side lengths without resolving the geometry.
main,test/prealgebra/1252.json,Prealgebra,2,headed_right,"Correctly computes diagonal 500 vs sum of sides 700, giving the correct answer 200 repeatedly."
main,test/prealgebra/1317.json,Prealgebra,1,headed_right,Already correctly solved x=4 before derailing into a repetitive loop.
main,test/prealgebra/1356.json,Prealgebra,4,unlikely_right,Loops indefinitely re-stating the same reasoning about the middle shelf without ever computing the 8/18 = 4/9 answer.
main,test/prealgebra/1646.json,Prealgebra,5,unlikely_right,Model is stuck cycling through speculative interpretations of the trisection labeling without deriving any angle values.
main,test/prealgebra/1733.json,Prealgebra,3,unlikely_right,"Stuck in a repeating loop computing 3-(4+5+6)=-12, which contradicts the ground truth -9, with no progress toward it."
main,test/prealgebra/1865.json,Prealgebra,4,unlikely_right,"Stuck rephrasing confusion about what the percentages represent, no computation progress."
main,test/prealgebra/378.json,Prealgebra,4,unlikely_right,Stuck in a repeating loop declaring the shaded region interpretation 'impossible' without ever resolving the triangle areas to reach 10.
main,test/prealgebra/914.json,Prealgebra,4,unlikely_right,"Repeatedly guesses between 35/45/75 degrees without a derivation, looping without converging on the correct 75."
main,test/precalculus/1199.json,Precalculus,4,unlikely_right,Endlessly loops questioning whether the Asymptote parameters (c=pi) apply to the actual problem without ever using the smallest-c reasoning needed.
main,test/precalculus/1201.json,Precalculus,3,unlikely_right,Stuck in an unproductive loop repeating the same failed grouping attempts with no algebraic progress toward the answer.
main,test/precalculus/1281.json,Precalculus,4,unlikely_right,"Endless repeated substitution loop ('Wait, no... the original equation is') that never resolves the triple-angle equation to a numeric perimeter."
main,test/precalculus/1303.json,Precalculus,1,unlikely_right,"Fixates on coordinate sqrt(51) from Asymptote diagram rather than using sin D = 0.7 with the actual right triangle, looping without reaching the correct answer sqrt(51) via valid reasoning (and never even resolves which segment is DE correctly)."
main,test/precalculus/190.json,Precalculus,4,unlikely_right,Stuck repeating the angle list with no computation progress toward the product value.
main,test/precalculus/801.json,Precalculus,3,unlikely_right,"Stuck in a self-contradicting algebra loop ('No, this is not correct... Wait, no') making no progress toward a numeric angle."
main,test/precalculus/902.json,Precalculus,5,unlikely_right,"Circular algebra that resolves to a tautology (318=318), never isolating D."
main,test/precalculus/986.json,Precalculus,5,unlikely_right,Trapped in a verbatim repeating loop of the same failed identity attempt with no progress toward the answer.
main,test/precalculus/989.json,Precalculus,4,unlikely_right,Degenerates into a nonsensical repeated loop about angles 10/50/70 with no arithmetic progress.
step_0100,test/algebra/1072.json,Algebra,4,unlikely_right,Gets an arithmetic contradiction between two methods (10937/28125 vs 243/625) and loops without resolving the discrepancy or committing to the correct value.
step_0100,test/algebra/1143.json,Algebra,5,headed_right,"Calculus approach correctly and repeatedly derives D=17 matching ground truth, just stuck second-guessing against a flawed gradient check."
step_0100,test/algebra/1282.json,Algebra,5,headed_right,"Correctly derives and repeats the right answer, 11."
step_0100,test/algebra/1349.json,Algebra,2,unlikely_right,Rambles in a repetitive loop about grid interpretation without computing any speeds.
step_0100,test/algebra/1787.json,Algebra,2,headed_right,"Already states the correct answer, 8, repeatedly."
step_0100,test/algebra/2023.json,Algebra,3,headed_right,"Model correctly derived x=1 satisfies domain constraints, matching ground truth, then looped restating it."
step_0100,test/algebra/2043.json,Algebra,5,headed_right,"Already correctly derived the exact ground-truth domain (-inf,2) U (3,inf), just repeating it while running out of tokens."
step_0100,test/algebra/2159.json,Algebra,3,headed_right,"Model repeatedly states 'the answer is 11', matching the ground truth exactly."
step_0100,test/algebra/2626.json,Algebra,5,unlikely_right,Uses wrong periodic rate (dividing 1% by 6 instead of compounding at 1% per bi-monthly period) and loops endlessly without computing a value.
step_0100,test/algebra/2700.json,Algebra,5,headed_right,"Model already derived slope 3/2 matching the ground truth, just stuck repeating it instead of stopping."
step_0100,test/algebra/2779.json,Algebra,5,headed_right,"Derived 11√2+9√3 correctly (c=0), giving 11+9+0=20 matching ground truth, despite confusion over missing sqrt6 term."
step_0100,test/algebra/661.json,Algebra,3,headed_right,"Already correctly derives 9 days times 4 miles = 36, matching the ground truth, just loops restating it."
step_0100,test/algebra/686.json,Algebra,5,headed_right,"Repeatedly and correctly derives the answer 4 via the formula 4a/(a-3), just stuck looping instead of stopping."
step_0100,test/counting_and_probability/1003.json,Counting & Probability,5,unlikely_right,Model reaches an impossible negative discriminant and loops repeating the same contradictory reasoning without resolving the error.
step_0100,test/counting_and_probability/181.json,Counting & Probability,5,unlikely_right,"Model uses a formula (6n-4=70) that yields a non-integer n, contradicting the true answer 19, and loops without correcting it."
step_0100,test/counting_and_probability/199.json,Counting & Probability,2,unlikely_right,Model correctly lists edge weights but gets stuck in an endless repetition of the same list without ever computing path totals.
step_0100,test/counting_and_probability/230.json,Counting & Probability,4,unlikely_right,"Model stuck in a hopeless loop re-checking for extra lines, never reaches the count or final probability."
step_0100,test/counting_and_probability/238.json,Counting & Probability,4,headed_right,"Repeatedly computes 8!/4=10080 via Burnside, matching the ground truth, though looping in self-doubt over 7!."
step_0100,test/counting_and_probability/282.json,Counting & Probability,4,unlikely_right,Stuck in a verbatim repeating loop analyzing shaded squares without ever converging to a probability.
step_0100,test/counting_and_probability/339.json,Counting & Probability,4,headed_right,"Correctly and consistently derives 6 pairs × 2 points = 12, matching the ground truth, just repeating the reasoning."
step_0100,test/counting_and_probability/430.json,Counting & Probability,4,unlikely_right,Model is stuck in a repetitive confused loop with no numeric progress toward 1/3.
step_0100,test/counting_and_probability/525.json,Counting & Probability,5,headed_right,Sets up correct circular permutation total (720) and correctly plans an inclusion-exclusion approach for the adjacency restriction.
step_0100,test/counting_and_probability/731.json,Counting & Probability,5,unlikely_right,"Stuck in a repetitive contradiction loop about the intersection region area, never resolving toward the correct 1/2 probability."
step_0100,test/counting_and_probability/870.json,Counting & Probability,5,headed_right,"Repeatedly and consistently arrives at probability 1/3, matching the ground truth, just not formatted as final."
step_0100,test/geometry/183.json,Geometry,5,unlikely_right,Model's arc-angle relationship leads to a contradictory negative sum and it loops in confusion without resolving to 145°.
step_0100,test/geometry/221.json,Geometry,3,headed_right,"The median formula computation correctly and repeatedly yields 30, matching the ground truth, despite doubt from a flawed coordinate check."
step_0100,test/geometry/226.json,Geometry,1,unlikely_right,Derives a nonsensical negative angle and loops on a flawed arc-difference approach without correcting course.
step_0100,test/geometry/229.json,Geometry,5,unlikely_right,"Model concludes sum=14, contradicting the ground truth of 16."
step_0100,test/geometry/434.json,Geometry,1,unlikely_right,Model concludes the parallel condition is 'impossible' and loops repeating the contradiction without resolving it or finding x.
step_0100,test/geometry/477.json,Geometry,3,headed_right,"Model repeatedly and correctly computes the answer 216 (a=6, volume=6^3) each time it loops back, consistently matching ground truth."
step_0100,test/geometry/547.json,Geometry,4,headed_right,"It explicitly computes area of CDE = 6*9 = 54, matching the ground truth, repeatedly."
step_0100,test/geometry/561.json,Geometry,5,headed_right,"Model already computed area = 7/2 via shoelace formula, matching ground truth exactly."
step_0100,test/geometry/627.json,Geometry,4,headed_right,"Derived D=(8,9) giving x+y=17 matching ground truth, then loops re-deriving the same correct result."
step_0100,test/geometry/65.json,Geometry,3,unlikely_right,Model is confused by inconsistent Asymptote coordinates and loops without making progress toward the 30-degree answer.
step_0100,test/geometry/686.json,Geometry,5,unlikely_right,Loops between two inconsistent buffer-perimeter formulas for a square analogy without resolving or reaching the nonagon answer.
step_0100,test/geometry/702.json,Geometry,5,unlikely_right,Degenerates into meaningless repeated numeric string '202860 = 202860 = ...' with no coherent math.
step_0100,test/geometry/711.json,Geometry,5,unlikely_right,"Stuck in a verbatim repeating loop about surface area logic, never resolves or reaches the answer."
step_0100,test/geometry/817.json,Geometry,5,unlikely_right,Model is stuck in unresolved contradictions about semicircle center placement without reaching 14/3.
step_0100,test/geometry/826.json,Geometry,5,unlikely_right,Stuck in a confused unresolved loop over the Asymptote construction with no numeric progress toward BH.
step_0100,test/geometry/880.json,Geometry,5,unlikely_right,Model loops on the same distance subtraction (12-9-1=2) without ever reaching the unfolding/Pythagorean computation for 2√113.
step_0100,test/geometry/947.json,Geometry,5,unlikely_right,Hopeless repeating loop contradicting its own earlier -24/25 result with an unresolved vector computation.
step_0100,test/intermediate_algebra/102.json,Intermediate Algebra,4,unlikely_right,"Caught in a contradiction loop between a flawed telescoping derivation and direct computation, never resolving toward the answer 2."
step_0100,test/intermediate_algebra/1063.json,Intermediate Algebra,4,headed_right,Correctly computes z1 = 1+274i (matching the ground truth via periodicity) and is on a sound path toward discovering the period-3 pattern.
step_0100,test/intermediate_algebra/1111.json,Intermediate Algebra,5,unlikely_right,Misinterprets the track geometry leading to an impossible equation (4+2π=400) and loops without correcting course.
step_0100,test/intermediate_algebra/1166.json,Intermediate Algebra,5,unlikely_right,Stuck in an infinite loop re-deriving the same expansion without ever reaching the minimum value 100.
step_0100,test/intermediate_algebra/1197.json,Intermediate Algebra,5,unlikely_right,Stuck in a repetitive loop of the same partial-fraction musing without making any concrete progress toward constructing p(x) or evaluating p(8).
step_0100,test/intermediate_algebra/1217.json,Intermediate Algebra,2,headed_right,"Synthetic division yields quotient x^5-x^4+x^3-x^2+x-1, exactly matching the ground truth, before spiraling into unnecessary self-doubt."
step_0100,test/intermediate_algebra/1279.json,Intermediate Algebra,5,unlikely_right,Model is stuck in a self-contradictory loop confusing itself over the degree of the polynomial (8 vs 4) with no forward progress.
step_0100,test/intermediate_algebra/128.json,Intermediate Algebra,2,unlikely_right,Repeats the same partial substitution steps in an endless loop without completing the composition to determine parity.
step_0100,test/intermediate_algebra/1350.json,Intermediate Algebra,5,headed_right,"Model repeatedly concludes minimal |a_{n-1}|=14, matching ground truth."
step_0100,test/intermediate_algebra/1454.json,Intermediate Algebra,5,unlikely_right,"Correctly reduced the third term to a distance but is aimlessly cycling through unfinished approaches (Lagrange, Minkowski, parametrization) without converging to 70√2."
step_0100,test/intermediate_algebra/1462.json,Intermediate Algebra,5,unlikely_right,Devolves into an endless verbatim repetition of the same algebra line with no progress toward a solution.
step_0100,test/intermediate_algebra/1467.json,Intermediate Algebra,5,unlikely_right,Model repeatedly fails to find the correct Sophie Germain-type factorization and cycles through the same dead-end real/complex factoring attempts.
step_0100,test/intermediate_algebra/1510.json,Intermediate Algebra,5,headed_right,"Valid algebraic simplification to |(a+b)(a+c)(b+c)|^2 and correct observation that symmetric configurations yield zero, consistent with the answer 0."
step_0100,test/intermediate_algebra/1544.json,Intermediate Algebra,5,unlikely_right,"Repeatedly concludes the total is 5 quadratics, contradicting the ground-truth answer of 6."
step_0100,test/intermediate_algebra/1566.json,Intermediate Algebra,3,unlikely_right,"Stuck in a repeating loop getting -2a and contradicting the target 2k, never reconciling the error."
step_0100,test/intermediate_algebra/158.json,Intermediate Algebra,5,headed_right,Model already derived the correct maximum 27648 via Lagrange multipliers before spiraling into confused self-checking.
step_0100,test/intermediate_algebra/1779.json,Intermediate Algebra,4,unlikely_right,"Computed area of 24, which contradicts the ground-truth answer of 15, and loops repeating the wrong value."
step_0100,test/intermediate_algebra/1806.json,Intermediate Algebra,5,headed_right,"Model already derived 3.25 = 13/4, matching the ground truth, just repeating confirmation."
step_0100,test/intermediate_algebra/1930.json,Intermediate Algebra,5,unlikely_right,Model is stuck in an unresolved 'this seems complicated' loop without reaching a conclusion.
step_0100,test/intermediate_algebra/1992.json,Intermediate Algebra,4,headed_right,"Already derives the exact answer (0,9)∪(9,36) matching ground truth, just looping in confirmation."
step_0100,test/intermediate_algebra/1994.json,Intermediate Algebra,5,unlikely_right,Loops repeatedly failing the same flawed triple-integral attempt without making progress.
step_0100,test/intermediate_algebra/2015.json,Intermediate Algebra,5,unlikely_right,Model is stuck in a verbatim repeating loop making no progress toward the individual values.
step_0100,test/intermediate_algebra/2146.json,Intermediate Algebra,4,unlikely_right,Model's correct setup hit an arithmetic slip (-4.6x vs correct -3.6x) causing an endless self-contradicting loop.
step_0100,test/intermediate_algebra/2152.json,Intermediate Algebra,5,unlikely_right,Circular self-contradiction about x^3 coefficients with no resolution toward the constant-polynomial answer.
step_0100,test/intermediate_algebra/232.json,Intermediate Algebra,5,unlikely_right,"Correct setup early on but the excerpt ends in a verbatim repeating loop stuck at a=2, never reaching a=3,4,5 or the total 81."
step_0100,test/intermediate_algebra/345.json,Intermediate Algebra,4,unlikely_right,Looping on a contradiction (r=1) without resolving it or making progress toward a1=504.
step_0100,test/intermediate_algebra/362.json,Intermediate Algebra,4,unlikely_right,"Model incorrectly treats one curve as a hyperbola and loops in confused reasoning about radical axes, never approaching the answer 40."
step_0100,test/intermediate_algebra/558.json,Intermediate Algebra,5,unlikely_right,"Correct conceptual setup about 2-cycles stalls into a repetitive loop with no further derivation toward the interval (3,4]."
step_0100,test/intermediate_algebra/582.json,Intermediate Algebra,5,unlikely_right,"After a sound conceptual start, the model gets stuck in an infinite unresolved algebraic loop with complex exponentials, never reaching 850."
step_0100,test/intermediate_algebra/623.json,Intermediate Algebra,2,unlikely_right,"Correctly identifies domain as x≠0 but gets stuck in a circular loop questioning how [a,b] can include 0, never concluding a=b=0."
step_0100,test/intermediate_algebra/662.json,Intermediate Algebra,5,unlikely_right,Partial fraction attempt hit a contradiction and the model loops restating the same dead-end pattern without any numeric progress toward 1±√19.
step_0100,test/intermediate_algebra/752.json,Intermediate Algebra,1,unlikely_right,Model misapplies the telescoping log identity (gets log_4 3 instead of the correct log_2 4=2) and loops endlessly on the error without correcting it.
step_0100,test/intermediate_algebra/754.json,Intermediate Algebra,2,unlikely_right,"Repeatedly concludes the answer is E, contradicting the ground-truth answer B."
step_0100,test/intermediate_algebra/776.json,Intermediate Algebra,4,headed_right,"Direct computation gives reciprocal ≈3.839, implying b=3, matching the ground truth despite a confused aside about periodicity."
step_0100,test/intermediate_algebra/860.json,Intermediate Algebra,2,headed_right,Correctly derives the equation is an ellipse (matching ground truth) multiple times before looping on formatting.
step_0100,test/intermediate_algebra/894.json,Intermediate Algebra,3,unlikely_right,"Stuck in a confused repetitive loop, unresolved conflict about which axis is major and no derivation reaching k=2."
step_0100,test/intermediate_algebra/955.json,Intermediate Algebra,5,headed_right,"Already concludes '17 is better' repeatedly, matching the ground-truth max value 17."
step_0100,test/intermediate_algebra/956.json,Intermediate Algebra,5,headed_right,"Correctly reduces x^9, x^6, x^3 mod the cubic and sets up linear equations in p,q,r that solve exactly to (6,31,-1); just stuck repeating the setup instead of solving the system."
step_0100,test/intermediate_algebra/960.json,Intermediate Algebra,5,unlikely_right,Model is stuck in an unproductive repetitive loop about ordered vs unordered triples without ever computing the actual sum.
step_0100,test/number_theory/1002.json,Number Theory,5,unlikely_right,Model is stuck in a repeating loop over a self-created arithmetic contradiction (439+1001 mis-stated as 1400).
step_0100,test/number_theory/1032.json,Number Theory,3,headed_right,"Already derived 2220 and verified divisibility by 30, matches ground truth, just looping in repetition before final formatting."
step_0100,test/number_theory/1257.json,Number Theory,4,headed_right,"Model explicitly derived 108/2=54=204_5 matching ground truth, despite looping."
step_0100,test/number_theory/183.json,Number Theory,3,unlikely_right,"Stuck in a hopeless non-converging addition loop, never reaching the digit-sum computation needed for 14."
step_0100,test/number_theory/203.json,Number Theory,3,unlikely_right,"Looping on the same failed combination (1,2,3,7) repeatedly, never finds the correct 3+4+7=14 decomposition."
step_0100,test/number_theory/410.json,Number Theory,2,unlikely_right,Long division produced an incorrect intermediate result (0.3575625 vs true 0.35625) and the model loops in confusion trying to reconcile it.
step_0100,test/number_theory/417.json,Number Theory,4,headed_right,"Despite looping, it already produced the correct number 11111111100 (9 ones, two zeros) matching the ground truth."
step_0100,test/number_theory/488.json,Number Theory,4,unlikely_right,Loops indecisively over 202/212/222 without ever reaching the correct palindrome 171 and answer 58.
step_0100,test/number_theory/516.json,Number Theory,4,unlikely_right,Uses an incorrect binary grouping (001 010 100 110) that doesn't match the actual digit order and loops on this error without ever reaching the correct grouping needed for 2516_8.
step_0100,test/number_theory/612.json,Number Theory,1,headed_right,"Model repeatedly concludes the answer is 2, matching ground truth, despite looping restatement."
step_0100,test/number_theory/627.json,Number Theory,2,headed_right,"Correct algebra throughout; repeatedly states the correct final answer 3, just stuck looping instead of stopping."
step_0100,test/number_theory/679.json,Number Theory,2,unlikely_right,Stuck rephrasing the same statement about 50-cent coins with no actual computation of the total or leftover cents.
step_0100,test/number_theory/838.json,Number Theory,5,unlikely_right,Correct exponent setup for prime 2 but then degenerates into a repetitive unproductive loop without reaching the count of 6.
step_0100,test/number_theory/864.json,Number Theory,3,headed_right,"Already correctly computed 6*7=42=52 base 8 matching ground truth, just looping repeating the correct computation."
step_0100,test/prealgebra/1003.json,Prealgebra,5,unlikely_right,"Model is stuck looping over ambiguous vertex labeling, making no progress toward computing the angle."
step_0100,test/prealgebra/1044.json,Prealgebra,5,unlikely_right,"Model is stuck rehashing that it doesn't know which countries correspond to the 70s stamps, making no progress toward 5.4 cents."
step_0100,test/prealgebra/1139.json,Prealgebra,5,unlikely_right,Loops on vague Catalan-number musings without ever enumerating the actual parenthesization values.
step_0100,test/prealgebra/1187.json,Prealgebra,2,unlikely_right,Confuses raw Asymptote coordinates with labeled dimensions and loops without ever computing the area 21.
step_0100,test/prealgebra/1356.json,Prealgebra,4,unlikely_right,Model loops in confusion over an unstated assumption and never computes the final math-book fraction.
step_0100,test/prealgebra/1512.json,Prealgebra,5,unlikely_right,"Stuck in a degenerate repeating loop about region labeling, never reaching area computation."
step_0100,test/prealgebra/1646.json,Prealgebra,5,unlikely_right,Model is stuck in confused circular reasoning about points E and F never resolving toward a numeric angle.
step_0100,test/prealgebra/1686.json,Prealgebra,3,headed_right,"Already concludes the answer is 4, matching ground truth, just repeats the conclusion."
step_0100,test/prealgebra/1733.json,Prealgebra,3,unlikely_right,"Stuck repeating the same grouping (value 3) in a loop, never exploring groupings that reach -9."
step_0100,test/prealgebra/1743.json,Prealgebra,3,headed_right,"Already states 'the answer is 3' repeatedly, matching ground truth after correctly identifying prime candidates."
step_0100,test/prealgebra/260.json,Prealgebra,4,headed_right,"Correctly derived 108° pentagon angle and repeatedly stated the correct 36° point-angle, just looping on formula justification without formatting."
step_0100,test/prealgebra/378.json,Prealgebra,4,unlikely_right,Stuck in a repetitive loop of confused area calculations (8 and 12) that never resolves to the correct total of 10.
step_0100,test/prealgebra/631.json,Prealgebra,3,headed_right,"Model correctly computed the gray quadrilateral area as 2, matching the ground truth."
step_0100,test/prealgebra/874.json,Prealgebra,4,unlikely_right,"Caught in a verbatim repeating loop confusing angle QPR with the PT angle, never resolving to a numeric answer."
step_0100,test/prealgebra/914.json,Prealgebra,4,unlikely_right,"Concludes angle STR = 35 degrees via a flawed alternate-angle argument, contradicting the ground truth of 75 degrees."
step_0100,test/precalculus/1133.json,Precalculus,5,unlikely_right,Model is stuck repeating the same rejected formula HG²=4R²-(a²+b²+c²)/2 without resolving it.
step_0100,test/precalculus/1146.json,Precalculus,4,unlikely_right,"Stuck in a repeating loop testing a formula that fails at n=1, never derives sin^7x expansion or the coefficient d."
step_0100,test/precalculus/1199.json,Precalculus,4,unlikely_right,Stuck rambling in a loop questioning the problem setup without ever analyzing the graph parameters to find c.
step_0100,test/precalculus/1201.json,Precalculus,3,unlikely_right,Repeated failed substitutions and expansions with no convergence toward identifying the polygon or its area.
step_0100,test/precalculus/1303.json,Precalculus,1,headed_right,"Already derived DE = sqrt(51) and verified sin D = 0.7 consistency, matching ground truth, just looping before finishing."
step_0100,test/precalculus/499.json,Precalculus,4,unlikely_right,"Correct vertex derivation but model gets trapped in an unresolved contradiction loop, repeating the same confused check dozens of times without concluding."
step_0100,test/precalculus/681.json,Precalculus,3,headed_right,Excerpt just begins the problem with no errors or wrong turns shown.
step_0100,test/precalculus/703.json,Precalculus,5,unlikely_right,Model abandoned the correct 9th-roots-of-(-1) angle-sum approach and is stuck in an endless unproductive repetition about summing complex numbers.
step_0100,test/precalculus/902.json,Precalculus,5,headed_right,"Correctly sets up the sum-of-squared-distances relation for octahedron vertices, a sound path toward the sqrt(66) pairing trick."
step_0100,test/precalculus/927.json,Precalculus,4,headed_right,"Derived correct direction vectors (3,2,-6) and (-2,12,3), whose dot product is 0, matching the 90° answer, despite a confused parametrization loop."
step_0100,test/precalculus/989.json,Precalculus,4,unlikely_right,"Trapped in an unproductive cubic-equation factoring loop, going in circles with no path to 12."
step_0400,test/algebra/1349.json,Algebra,2,unlikely_right,Model rambles in circles about interpretation without ever computing speeds or naming a student.
step_0400,test/algebra/2023.json,Algebra,3,headed_right,"Model correctly finds x=1 satisfies domain and repeatedly confirms it matches the answer 1, just loops before formatting."
step_0400,test/algebra/2058.json,Algebra,4,headed_right,"Already correctly derived 2 - sqrt3 + 2sqrt2 - sqrt6, which factors to 2(1+sqrt2)-(sqrt3+sqrt6) matching A+B+C+D=13."
step_0400,test/algebra/2176.json,Algebra,5,unlikely_right,"Stuck in a repeated confusion loop about the domain, never converging toward the range analysis needed."
step_0400,test/algebra/2626.json,Algebra,5,unlikely_right,"Stuck in a verbatim repeating loop of confused reconciliation, unable to resolve and converge."
step_0400,test/algebra/2700.json,Algebra,5,headed_right,"Model already states the maximum slope is 3/2, matching the ground truth, while looping to double-check."
step_0400,test/algebra/2779.json,Algebra,5,headed_right,"Model correctly derived 11√2+9√3 (c=0), giving a+b+c=20 matching ground truth, but got confused thinking it's a typo instead of accepting c=0."
step_0400,test/algebra/661.json,Algebra,3,headed_right,"Already computed 9 walking days times 4 miles = 36, matching the ground-truth answer exactly."
step_0400,test/algebra/892.json,Algebra,5,headed_right,"Model already concludes a=2 is the maximum repeatedly, matching the ground truth answer."
step_0400,test/counting_and_probability/1003.json,Counting & Probability,5,unlikely_right,Derives an irrational solution that contradicts the required rational m/n form and loops without finding or fixing the underlying error.
step_0400,test/counting_and_probability/134.json,Counting & Probability,4,headed_right,"Model derives and verifies via small cases that the formula (n-k)!*k! gives 720, matching the ground truth, despite rambling self-doubt."
step_0400,test/counting_and_probability/181.json,Counting & Probability,5,unlikely_right,Repeats a flawed (4-3)*(3-3)=0 computation in a loop and never considers tilted squares needed for the correct count of 19.
step_0400,test/counting_and_probability/199.json,Counting & Probability,2,unlikely_right,"Stuck in a loop over an unresolved contradiction in edge lengths (D-C labeled both 4 and 5), never reaching a distance computation."
step_0400,test/counting_and_probability/230.json,Counting & Probability,4,headed_right,"Correctly counted 8 lines out of C(9,3)=84 and simplified to 2/21, matching the ground truth exactly."
step_0400,test/counting_and_probability/238.json,Counting & Probability,4,unlikely_right,Loops restating the setup without ever beginning the combinatorial counting needed to reach 10080.
step_0400,test/counting_and_probability/282.json,Counting & Probability,4,unlikely_right,"Model is stuck in a repeating loop, contradicting itself (24 shaded squares vs 20 total) without resolving the geometry."
step_0400,test/counting_and_probability/525.json,Counting & Probability,5,unlikely_right,Model is stuck repeating a sub-calculation (block-of-three count) rather than completing the inclusion-exclusion needed for the final answer.
step_0400,test/counting_and_probability/731.json,Counting & Probability,5,unlikely_right,"Stuck in a repeating loop over a self-perceived algebra contradiction in the perpendicular bisector derivation, never reaching the probability answer."
step_0400,test/counting_and_probability/765.json,Counting & Probability,5,unlikely_right,Model loops through the same inclusion-exclusion checks repeatedly without deriving a new equation or solving for physics count.
step_0400,test/counting_and_probability/870.json,Counting & Probability,5,headed_right,"Sound standard approach (fixing point A, arc ordering) for the classic AB/CD intersection probability, on track toward 1/3."
step_0400,test/geometry/183.json,Geometry,5,unlikely_right,"Model is stuck in a repetitive confused loop about which arc corresponds to angle B, making no progress toward 145°."
step_0400,test/geometry/226.json,Geometry,1,unlikely_right,"Stuck restating the figure's quadrilateral description in a verbatim loop, never computing the angle sum."
step_0400,test/geometry/229.json,Geometry,5,unlikely_right,"Model repeatedly concludes sum=14 but ground truth is 16, looping on a wrong value."
step_0400,test/geometry/254.json,Geometry,2,headed_right,"Already repeatedly states the correct answer 3, just stuck looping after reaching it."
step_0400,test/geometry/434.json,Geometry,1,unlikely_right,"Model is stuck in an unresolved confusion loop about which segment is parallel to which, never sets up the angle relations needed to get 28."
step_0400,test/geometry/465.json,Geometry,4,headed_right,"Correctly computed the 240-degree sector from the area equation, which is consistent with the 120-degree smaller angle answer, just stuck looping on interpretation."
step_0400,test/geometry/561.json,Geometry,5,unlikely_right,"Model is stuck in a hopeless repetitive loop about side arrangement, never reaching the area computation."
step_0400,test/geometry/627.json,Geometry,4,headed_right,"Using the diagonal-midpoint method the model computes D=(8,9) giving x+y=17, matching the ground truth, though it then second-guesses via a flawed side-check."
step_0400,test/geometry/65.json,Geometry,3,unlikely_right,Loops the same speculative sentence about circle-tangency configurations with no actual coordinate computation toward 30 degrees.
step_0400,test/geometry/686.json,Geometry,5,unlikely_right,"Stuck in a verbatim 'Wait, no' loop about Minkowski sums, making no progress toward the perimeter formula."
step_0400,test/geometry/711.json,Geometry,5,unlikely_right,Loops through the same speculative reasoning about the cross-section shape without computing any area or vectors.
step_0400,test/geometry/817.json,Geometry,5,unlikely_right,"Model derives r=14(√2-1)≈5.8, inconsistent with ground truth 14/3, and repeats this wrong derivation in a loop."
step_0400,test/geometry/826.json,Geometry,5,unlikely_right,Confused by a coordinate contradiction (computed BE=3√5 vs given 5) and loops without resolving toward the answer.
step_0400,test/geometry/880.json,Geometry,5,unlikely_right,Trajectory degenerates into a verbatim repeating loop with no further computation toward the unfolded-distance answer.
step_0400,test/intermediate_algebra/1197.json,Intermediate Algebra,5,unlikely_right,Model explicitly says it is 'really stuck' and loops through invalid approaches without progress.
step_0400,test/intermediate_algebra/1279.json,Intermediate Algebra,5,unlikely_right,Repeats the same degree-counting setup verbatim in a loop without ever computing the needed coefficients or reaching a numeric sum.
step_0400,test/intermediate_algebra/128.json,Intermediate Algebra,2,headed_right,"Repeatedly (if redundantly) confirms via example that the composition is even, matching the ground truth."
step_0400,test/intermediate_algebra/1350.json,Intermediate Algebra,5,unlikely_right,"Model is stuck in a repetitive loop concluding |a_{n-1}|=28, not the correct 14."
step_0400,test/intermediate_algebra/1354.json,Intermediate Algebra,5,headed_right,"Model correctly shows each of 998 pairs sums to 1 and identifies one leftover term (k=1997, value 1/2), which totals 1997/2 matching the answer."
step_0400,test/intermediate_algebra/1365.json,Intermediate Algebra,3,unlikely_right,"Loops circularly trying to split the interval [p,15] into itself, making no analytical progress toward evaluating f(x)."
step_0400,test/intermediate_algebra/1388.json,Intermediate Algebra,5,unlikely_right,Quadratic ansatz leads to a contradiction (2xy=0) and the model loops without finding a working approach to reach f(n)=n.
step_0400,test/intermediate_algebra/1411.json,Intermediate Algebra,4,unlikely_right,Caught in a repetitive loop restating the same equations without ever deriving concrete values of a or c.
step_0400,test/intermediate_algebra/1454.json,Intermediate Algebra,5,unlikely_right,Model is stuck in a repetitive loop failing to correctly identify the geometric interpretation needed to reach 70*sqrt(2).
step_0400,test/intermediate_algebra/1467.json,Intermediate Algebra,5,headed_right,"Numerically verifies the closed form 8n^2+4n+1 against n=1 (13) and n=2 (41), both consistent with the ground truth formula."
step_0400,test/intermediate_algebra/1510.json,Intermediate Algebra,5,unlikely_right,"Model is stuck in a repetitive, unresolved loop of the same failed algebraic manipulation without converging on any value."
step_0400,test/intermediate_algebra/1566.json,Intermediate Algebra,3,unlikely_right,"Stuck in a repeated loop questioning how to express h in terms of k, never reaching the 2k simplification."
step_0400,test/intermediate_algebra/1806.json,Intermediate Algebra,5,unlikely_right,"Model computes 51/16=3.1875 in an endless repeated loop, which does not match the ground truth 13/4=3.25."
step_0400,test/intermediate_algebra/1849.json,Intermediate Algebra,5,unlikely_right,Model is stuck in a hopeless repeating loop about x1/x2 ordering with no progress toward counting valid k values.
step_0400,test/intermediate_algebra/2015.json,Intermediate Algebra,5,unlikely_right,Stuck in an unproductive repeating loop of vague 'maybe consider' attempts without deriving the required expressions.
step_0400,test/intermediate_algebra/2022.json,Intermediate Algebra,5,headed_right,Valid (if unwieldy) deviation-from-mean algebraic approach that hasn't produced an error yet and could reach n=64.
step_0400,test/intermediate_algebra/2152.json,Intermediate Algebra,5,unlikely_right,"Gets bogged down in repetitive symbolic algebra (b²c - ab² chains) without reaching the identity that the polynomial equals 1, so never approaches degree 0."
step_0400,test/intermediate_algebra/558.json,Intermediate Algebra,5,unlikely_right,"Model is stuck testing λ=4 repeatedly, only finding fixed points (not 2-cycles) and expressing frustration, with no path to the interval (3,4]."
step_0400,test/intermediate_algebra/582.json,Intermediate Algebra,5,unlikely_right,Model repeats the same failed substitution attempts without finding a viable method to reach 850.
step_0400,test/intermediate_algebra/591.json,Intermediate Algebra,4,headed_right,"Already computed p(0)+p(4)=24 (via the r=0 case), matching the ground truth even though the general independence-of-r argument wasn't articulated."
step_0400,test/intermediate_algebra/623.json,Intermediate Algebra,2,unlikely_right,"Model incorrectly concludes a and b must be infinite/undefined instead of recognizing a=b=0, looping in confusion."
step_0400,test/intermediate_algebra/662.json,Intermediate Algebra,5,unlikely_right,"Model is stuck searching for a pattern/telescoping trick, repeating the same unresolved observations without any path toward 1±√19."
step_0400,test/intermediate_algebra/776.json,Intermediate Algebra,4,unlikely_right,Numerical iteration loops indefinitely between 2.732 and 1.366 without settling into the constant partial-quotient pattern needed for b=3.
step_0400,test/intermediate_algebra/860.json,Intermediate Algebra,2,unlikely_right,"Despite reaching the correct form (x-6)^2/4 + y^2 = 10, it loops in confusion insisting this contradicts a circle and never concludes ellipse."
step_0400,test/intermediate_algebra/894.json,Intermediate Algebra,3,unlikely_right,Stuck in an infinite repetitive loop questioning the same unresolved condition on h without ever deriving k.
step_0400,test/intermediate_algebra/90.json,Intermediate Algebra,4,headed_right,"Correctly computes recurrence terms and discovers the sequence's period-20 structure, which is the valid approach to reach 898."
step_0400,test/intermediate_algebra/960.json,Intermediate Algebra,5,unlikely_right,"Ends looping on a fraction 2705/13286 that does not match the ground truth 17/21, indicating a wrong path."
step_0400,test/intermediate_algebra/966.json,Intermediate Algebra,5,unlikely_right,"Stuck in an unresolved AM-GM loop repeating the same failed split without eliminating leftover b,c terms."
step_0400,test/number_theory/1032.json,Number Theory,3,headed_right,"Model repeatedly and correctly concludes the answer is 2220, matching ground truth."
step_0400,test/number_theory/1055.json,Number Theory,5,headed_right,"Model correctly derived x=29 and total=203, matching ground truth, just stuck repeating the final steps."
step_0400,test/number_theory/1185.json,Number Theory,3,unlikely_right,Model degenerates into an endless repetition of '2!^2!=...' with no progress toward the units digit.
step_0400,test/number_theory/1257.json,Number Theory,4,headed_right,"Correctly computed 108/2=54 and began converting 54 to base 5 as 204_5, matching the answer."
step_0400,test/number_theory/13.json,Number Theory,5,unlikely_right,"Never solves the congruence concretely, spiraling in a repeating confused loop about the general CRT-like formula."
step_0400,test/number_theory/410.json,Number Theory,2,unlikely_right,Long division steps actually yield digits 0.35625 but the model mis-transcribes it as 0.3575625 and loops indefinitely failing to resolve the self-created inconsistency.
step_0400,test/number_theory/417.json,Number Theory,4,unlikely_right,"Model mis-factors 450 as 2*3^2*5^3 (requiring 125), leading it toward three trailing zeros instead of the correct two, sending it down a wrong path."
step_0400,test/number_theory/516.json,Number Theory,4,unlikely_right,"Model arrives at octal 3525 via miscounted grouping, which does not match the correct answer 2516."
step_0400,test/number_theory/612.json,Number Theory,1,unlikely_right,"Repeatedly concludes the leftover must be zero, contradicting the correct answer of 2 and showing no path toward it."
step_0400,test/number_theory/679.json,Number Theory,2,headed_right,"Correctly computes total cents mod 100 = 59, matching the ground truth answer, just repeats the same correct conclusion in a loop."
step_0400,test/number_theory/838.json,Number Theory,5,headed_right,"Correctly derives x must have prime factors 2 and 3 with exponent bounds a<=2, b<=1, giving 3*2=6 values matching the answer."
step_0400,test/number_theory/864.json,Number Theory,3,headed_right,"Model correctly computes 6*7=42=52_8 repeatedly, matching the ground truth, just looping instead of stopping."
step_0400,test/prealgebra/105.json,Prealgebra,1,headed_right,"Model correctly computes 2250 mod 360 = 90 and reasons a 90° clockwise turn from north gives east, matching the answer."
step_0400,test/prealgebra/1139.json,Prealgebra,5,unlikely_right,"Model repeats a flawed 'unique products +1 = 121' claim in a loop, nowhere near the correct answer of 4."
step_0400,test/prealgebra/1187.json,Prealgebra,2,unlikely_right,"Model is stuck in a repeating contradiction loop between label values and coordinates, never resolving it."
step_0400,test/prealgebra/1317.json,Prealgebra,1,headed_right,"Correctly solved x=4 already (its perceived discrepancy is a false alarm, 9,990=9990)."
step_0400,test/prealgebra/1512.json,Prealgebra,5,unlikely_right,"Stuck in a repetitive loop failing to identify which annular regions correspond to X, Y, Z, no progress toward computing 7π."
step_0400,test/prealgebra/1646.json,Prealgebra,5,unlikely_right,"Model abandons the trisection (x/y angle) approach and instead computes angle BAD/CDA from unscaled Asymptote coordinates, going in circles with no path to 80."
step_0400,test/prealgebra/1733.json,Prealgebra,3,unlikely_right,"Looping on grouping only (4+5) reaching value 3, never explores grouping (4+5+6) needed for the true minimum -9."
step_0400,test/prealgebra/1743.json,Prealgebra,3,headed_right,"Model already correctly identified 3 primes (17,53,71) and repeats 'the answer is 3', matching ground truth."
step_0400,test/prealgebra/1991.json,Prealgebra,4,unlikely_right,"Model falls into an infinite 'Wait, no.' loop before completing the comparison, never reaching a conclusion."
step_0400,test/prealgebra/260.json,Prealgebra,4,headed_right,"Correctly identifies the pentagram point angle via golden triangle reasoning and arrives at 36 degrees, matching the ground truth."
step_0400,test/prealgebra/378.json,Prealgebra,4,unlikely_right,Model repeats the same confused paragraph about overlapping rectangles without ever computing an area.
step_0400,test/prealgebra/631.json,Prealgebra,3,unlikely_right,Model loops repeating the same uncertain 'maybe the gray piece is...' paragraph without making progress or computing an area.
step_0400,test/prealgebra/805.json,Prealgebra,3,headed_right,"Correctly derives N=41 (prime, and N+2 also prime) matching ground truth, just loops repeating the conclusion instead of stopping."
step_0400,test/prealgebra/914.json,Prealgebra,4,unlikely_right,"Stuck in an unresolved oscillating loop questioning which vertex angle STR is at, making no progress toward a value."
step_0400,test/precalculus/1133.json,Precalculus,5,unlikely_right,"Concludes with (27/4)R^2 - (5/12)(a^2+b^2+c^2), an expression retaining a,b,c terms, contradicting the ground truth of a clean 3R^2."
step_0400,test/precalculus/1146.json,Precalculus,4,unlikely_right,Model is stuck testing an incorrect formula guess in a repeating loop with no valid path to d=35/64.
step_0400,test/precalculus/117.json,Precalculus,3,unlikely_right,Repeats the same coordinate setup paragraph in a loop without ever performing the optimization to reach 30 degrees.
step_0400,test/precalculus/1199.json,Precalculus,4,headed_right,"Model correctly identified c = pi from the Asymptote function 2 sin(3x+pi)+1, matching the ground truth, just stuck repeating itself instead of formatting."
step_0400,test/precalculus/1201.json,Precalculus,3,unlikely_right,"Repeatedly fails the same factoring attempt into quadratics without finding consistent coefficients, looping without progress."
step_0400,test/precalculus/1202.json,Precalculus,5,headed_right,"Derived cubic 12x^3+14x^2-1=0 and computed |a|+|b|+|c|+|d|=27, matching the ground truth exactly."
step_0400,test/precalculus/1300.json,Precalculus,3,headed_right,"Model correctly sets up the dot-product and cross-product equations, a standard sound method for this vector problem."
step_0400,test/precalculus/1313.json,Precalculus,4,unlikely_right,"Model derives x≈172.36° via tan identity, contradicting the correct answer 46° it briefly mentioned, and loops in confusion."
step_0400,test/precalculus/190.json,Precalculus,4,unlikely_right,Model is stuck listing the same angle sequence over and over with no actual computation of the product.
step_0400,test/precalculus/625.json,Precalculus,3,headed_right,"Repeatedly computes the projection vector (16/49,48/49,24/49), exactly matching the ground truth, despite looping over formatting doubt."
step_0400,test/precalculus/681.json,Precalculus,3,unlikely_right,"Correctly derived sin18=(√5-1)/4 but is stuck in an infinite repeating loop of self-doubt, never reaching the final sin³+sin² computation."
step_0400,test/precalculus/697.json,Precalculus,2,unlikely_right,Loops the same algebraic manipulation of tan+4sin repeatedly without introducing any identity that would reach -sqrt(3).
step_0400,test/precalculus/801.json,Precalculus,3,unlikely_right,"Repeatedly loops on an incorrect triangle-angle-sum shortcut giving 67 degrees, contradicting the ground truth 55 degrees."
step_0400,test/precalculus/902.json,Precalculus,5,unlikely_right,Correct coordinate setup but got stuck repeating the same derivation paragraph verbatim without ever assigning pairings to solve for x.
step_0400,test/precalculus/989.json,Precalculus,4,headed_right,"Numerically computed sum ≈12.0 matching ground truth, just stuck seeking algebraic proof."
step_0700,test/algebra/1349.json,Algebra,2,unlikely_right,"Model is stuck rambling in circles about how to interpret the graph, making no progress toward identifying Evelyn."
step_0700,test/algebra/2064.json,Algebra,5,unlikely_right,Gets the correct value 81 once but loops indefinitely re-deriving a contradictory 131 without resolving it.
step_0700,test/algebra/2176.json,Algebra,5,headed_right,"Already enumerated the range as {1,-1,0}, i.e. 3 distinct values, matching ground truth, just repeating the conclusion."
step_0700,test/algebra/2517.json,Algebra,5,headed_right,"Correctly simplified to -a^2+1/b^2 and already computed -35/9 matching ground truth, just looping."
step_0700,test/algebra/2779.json,Algebra,5,headed_right,"Model correctly derived 11√2+9√3 (c=0), giving a+b+c=20 matching ground truth, though it is looping in self-doubt."
step_0700,test/algebra/892.json,Algebra,5,unlikely_right,Stuck in an infinite repeating loop re-deriving the same union-of-intervals example without converging on an answer.
step_0700,test/counting_and_probability/1003.json,Counting & Probability,5,headed_right,"Correctly sets up p+q=1/3 and is systematically building the sum-of-7 probability equation consistent with the given 47/288, a sound path to the answer."
step_0700,test/counting_and_probability/134.json,Counting & Probability,4,headed_right,Block method correctly yields 5!*3!=720 matching ground truth; model is merely looping in self-doubt against an erroneous alternative (240).
step_0700,test/counting_and_probability/181.json,Counting & Probability,5,unlikely_right,Degenerated into a nonsensical repetitive loop with no numeric progress toward n=19.
step_0700,test/counting_and_probability/188.json,Counting & Probability,5,unlikely_right,"Model repeatedly concludes probability 13/18, which does not match the ground truth 1/2."
step_0700,test/counting_and_probability/199.json,Counting & Probability,2,unlikely_right,Stuck re-deriving the same distance discrepancies in a loop without ever computing candidate Hamiltonian path lengths.
step_0700,test/counting_and_probability/238.json,Counting & Probability,4,unlikely_right,"Model loops toward 7!=5040 (treating the table like a circular seating), which does not match the ground truth 10080."
step_0700,test/counting_and_probability/282.json,Counting & Probability,4,unlikely_right,"Stuck rambling about parsing the wheel's numbers from the Asymptote code, no real progress toward the probability."
step_0700,test/counting_and_probability/430.json,Counting & Probability,4,unlikely_right,Endlessly restates the same confused interpretation without ever computing a probability.
step_0700,test/counting_and_probability/525.json,Counting & Probability,5,unlikely_right,"Model correctly got total 720 but is stuck looping over how many 'entities' a 3-person block forms, never resolving the inclusion-exclusion."
step_0700,test/counting_and_probability/731.json,Counting & Probability,5,unlikely_right,"Derives probability = (k²+1)/(4k), which is not the constant 1/2 required by the ground truth for all k, indicating the diamond-region assumption (straight bisector lines rather than parabolic boundaries) is wrong."
step_0700,test/counting_and_probability/765.json,Counting & Probability,5,unlikely_right,"Stuck in an unresolved contradiction loop about conflicting overlap counts, never progresses."
step_0700,test/counting_and_probability/870.json,Counting & Probability,5,headed_right,"Correctly recalls the standard result that the intersection probability is 1/3, matching ground truth, though stuck verifying it."
step_0700,test/geometry/183.json,Geometry,5,unlikely_right,"Repeats the identical uncertain sentence about cyclic quadrilateral arc angles dozens of times, never resolving the inscribed angle relation."
step_0700,test/geometry/229.json,Geometry,5,unlikely_right,"Loops repeating a wrong tentative answer of 14, which contradicts the ground truth of 16."
step_0700,test/geometry/434.json,Geometry,1,unlikely_right,Model is trapped in circular reasoning about a 'tautology' regarding parallel segments and never sets up angle equations.
step_0700,test/geometry/465.json,Geometry,4,unlikely_right,Hits a contradiction (computed 3/4 vs given 5/12) and loops re-questioning the shaded region without resolving it or approaching 120 degrees.
step_0700,test/geometry/477.json,Geometry,3,unlikely_right,Repeats the same confused paragraph about whether the sphere is inscribed or corner-cut without ever setting up the geometric relation needed for 216.
step_0700,test/geometry/547.json,Geometry,4,headed_right,"Correctly used the similarity ratio (CD=3CB) to compute area 6*9=54, matching the ground truth."
step_0700,test/geometry/627.json,Geometry,4,headed_right,"Using the AD/BC diagonal midpoint approach the model correctly derives x=8,y=9,x+y=17 matching ground truth, though it loops re-deriving this after a flawed side-check."
step_0700,test/geometry/65.json,Geometry,3,unlikely_right,Stuck in a repetitive loop of failed coordinate/shape guesses that don't satisfy the tangency constraints.
step_0700,test/geometry/686.json,Geometry,5,unlikely_right,Repeats the same Minkowski-sum sentence verbatim in an endless loop without reaching a conclusion.
step_0700,test/geometry/711.json,Geometry,5,unlikely_right,"Stuck in a repetitive loop failing to pin down the cutting plane's equation, making no progress toward a surface-area computation."
step_0700,test/geometry/795.json,Geometry,3,unlikely_right,"Model gets stuck in an unresolved contradiction between Asymptote coordinates and the labeled side length, looping the same confused paragraph without ever using sin R=2/5 correctly."
step_0700,test/geometry/817.json,Geometry,5,unlikely_right,"Repeatedly solves sqrt(2)r+r=14 giving r≈14/(√2+1)≈5.8, which does not match the ground truth 14/3, and loops the same block many times without correcting course."
step_0700,test/geometry/826.json,Geometry,5,unlikely_right,"Cycles between the same wrong hypotheses (getting BH=4, not the correct 9/5) with no resolution."
step_0700,test/geometry/846.json,Geometry,2,unlikely_right,"Model is stuck in a confused repeating loop questioning what angle BAC even is, with no actual geometric progress shown."
step_0700,test/geometry/880.json,Geometry,5,headed_right,Uses the standard unfolding technique for shortest-path-on-box problems and is exploring valid candidate paths without errors.
step_0700,test/intermediate_algebra/102.json,Intermediate Algebra,4,unlikely_right,Repeats the same failed telescoping manipulation in an infinite loop without ever deriving 2.
step_0700,test/intermediate_algebra/1111.json,Intermediate Algebra,5,unlikely_right,"Track length formula omits the second straight edge (wrote L+W+πW instead of 2L+πW), leading to a wrong optimization, and the CoT loops the same paragraph repeatedly."
step_0700,test/intermediate_algebra/1197.json,Intermediate Algebra,5,unlikely_right,"Despite a valid setup (q(x)=(x²-1)p(x)-x), the model is stuck in a hopeless repetitive loop about the remainder, never computing p(8)."
step_0700,test/intermediate_algebra/1279.json,Intermediate Algebra,5,unlikely_right,"Loops on the same unresolved speculation about polynomial degree and x=0, never deriving Vieta's sum or reaching 2/1005."
step_0700,test/intermediate_algebra/128.json,Intermediate Algebra,2,unlikely_right,Circular self-contradicting reasoning ('is it even? wait no wait yes') that never resolves.
step_0700,test/intermediate_algebra/1350.json,Intermediate Algebra,5,unlikely_right,"Correctly derives product of roots = 33*(-1)^n but then loops on an invalid six-root factorization (1,3,11,-1,-3,-11) giving -1089, never correcting the error to reach 14."
step_0700,test/intermediate_algebra/1354.json,Intermediate Algebra,5,unlikely_right,Stuck restating the same confused interpretation of the sum with no algebraic progress.
step_0700,test/intermediate_algebra/1408.json,Intermediate Algebra,5,unlikely_right,"Stuck oscillating between wrong cycle-length hypotheses (6 vs 8) instead of the correct period 10, risking a wrong final term."
step_0700,test/intermediate_algebra/1411.json,Intermediate Algebra,4,unlikely_right,Correct Vieta setup but degenerates into an exact verbatim repetition loop with no progress toward isolating a.
step_0700,test/intermediate_algebra/1467.json,Intermediate Algebra,5,unlikely_right,Repeatedly guesses and rejects the wrong closed form (2n+1)^2+1 without ever finding the correct 8n^2+4n+1 pattern.
step_0700,test/intermediate_algebra/1510.json,Intermediate Algebra,5,unlikely_right,"Cycling through configuration guesses (square, hexagon, tetrahedron) without landing on one giving 0, looping."
step_0700,test/intermediate_algebra/2015.json,Intermediate Algebra,5,unlikely_right,Correctly establishes S1+S2+S3=0 but then loops the same 'maybe consider multiplying...' paragraph repeatedly without deriving the individual values via a resolvent cubic.
step_0700,test/intermediate_algebra/2152.json,Intermediate Algebra,5,headed_right,"Already concluded p(x) is the constant 1, i.e. degree 0, matching ground truth, just repeating the conclusion."
step_0700,test/intermediate_algebra/232.json,Intermediate Algebra,5,unlikely_right,"Correct casework method for a=0,1 but then loops the identical a=2 computation dozens of times without ever finishing the count to 81."
step_0700,test/intermediate_algebra/345.json,Intermediate Algebra,4,unlikely_right,"Re-derives terms 1 through 7 twice verbatim, calling it 'too complex' and looping rather than finding the closed-form pattern needed to reach a1=504."
step_0700,test/intermediate_algebra/558.json,Intermediate Algebra,5,unlikely_right,"Correct 2-cycle setup early on but then gets stuck looping the same paragraph about f's invertibility, never deriving the quartic or the (3,4] bound."
step_0700,test/intermediate_algebra/582.json,Intermediate Algebra,5,unlikely_right,Cycles through the same few unproductive substitution ideas repeatedly without deriving the polynomial coefficients needed for the sum.
step_0700,test/intermediate_algebra/662.json,Intermediate Algebra,5,unlikely_right,"Loops endlessly on 'maybe the coefficients are 5, 9, 13' without finding any usable pattern or roots."
step_0700,test/intermediate_algebra/776.json,Intermediate Algebra,4,unlikely_right,Correct self-similar-fraction setup but stuck in an infinite repeating loop making no progress toward computing b.
step_0700,test/intermediate_algebra/955.json,Intermediate Algebra,5,unlikely_right,"Model repeatedly settles on sum=7 as a candidate, well short of the true maximum 17, showing no path toward the correct extremal construction."
step_0700,test/intermediate_algebra/960.json,Intermediate Algebra,5,unlikely_right,"Derives 18935/93002 which simplifies to 2705/13286, inconsistent with ground truth 17/21, and loops without resolving the discrepancy."
step_0700,test/number_theory/1032.json,Number Theory,3,headed_right,"Model already arrived at 2220 and is just repeating it verbatim, matching the ground truth."
step_0700,test/number_theory/1257.json,Number Theory,4,headed_right,"Correctly derived 108/2=54 -> 204_5 via base-10 conversion, matching the ground truth, before getting lost re-verifying."
step_0700,test/number_theory/203.json,Number Theory,3,headed_right,"Already found {4,3,7} with sum 14 matching ground truth and is only looping while fruitlessly re-checking alternatives."
step_0700,test/number_theory/410.json,Number Theory,2,unlikely_right,"Long division digits (3,5,6,2,5) actually match the ground truth 0.35625, but the model mistranscribes it as 0.3575 and loops the same self-contradictory verification indefinitely without catching the error."
step_0700,test/number_theory/417.json,Number Theory,4,headed_right,"Correctly derived digit-sum and trailing-zero constraints and already reached the candidate 11111111100, matching the ground truth."
step_0700,test/number_theory/516.json,Number Theory,4,unlikely_right,"Model is stuck in an unresolved infinite loop repeatedly failing the same 3-bit grouping of the binary digits, never reaching the correct grouping 010 101 001 110."
step_0700,test/number_theory/598.json,Number Theory,3,headed_right,"Already correctly computed 0.0000672 matching the ground truth, just second-guessing itself in a loop."
step_0700,test/number_theory/612.json,Number Theory,1,headed_right,"Explicitly derives 'the maximum possible remainder is 2... the answer is 2', matching ground truth."
step_0700,test/number_theory/679.json,Number Theory,2,unlikely_right,"Stuck in a verbatim repetitive loop of the same confused paragraph, never doing any arithmetic toward the answer."
step_0700,test/number_theory/820.json,Number Theory,5,headed_right,"Correctly identifies exponents of each prime split 1/3 between a and b, the standard correct route to the answer 8, just stuck restating it."
step_0700,test/number_theory/864.json,Number Theory,3,headed_right,"Model correctly computed 6*7=42 decimal = 5*8+2, i.e. digits 5,2 matching ground truth 52_8, just looping on restating it rather than formatting."
step_0700,test/prealgebra/1003.json,Prealgebra,5,unlikely_right,"Stuck in contradictory coordinate attempts, distances not matching, no convergence toward 270/7."
step_0700,test/prealgebra/1128.json,Prealgebra,5,unlikely_right,Model is stuck in an unresolved repetitive loop restating the same reasoning without computing the final product.
step_0700,test/prealgebra/1139.json,Prealgebra,5,unlikely_right,Model loops over the same groupings repeatedly without systematically enumerating all parenthesizations to reach 4.
step_0700,test/prealgebra/1512.json,Prealgebra,5,unlikely_right,Loops repeating the same two region-labeling hypotheses without ever computing an area.
step_0700,test/prealgebra/1646.json,Prealgebra,5,unlikely_right,"Devolves into hundreds of repetitions of 'angle AFD is the angle at point F? Wait, no' with zero progress."
step_0700,test/prealgebra/1733.json,Prealgebra,3,unlikely_right,Stuck in an infinite unproductive repetition loop without ever concluding.
step_0700,test/prealgebra/1995.json,Prealgebra,3,unlikely_right,Loops repeatedly between 8/21 and 8/105 without ever resolving the discrepancy.
step_0700,test/prealgebra/874.json,Prealgebra,4,headed_right,"Correctly sets up PT||QR angle relationships with no errors, steadily progressing toward a solvable equation."
step_0700,test/prealgebra/914.json,Prealgebra,4,unlikely_right,"Relies on non-scaled Asymptote coordinates to get arctan(5)≈78.69°, never reaching the exterior-angle relation 40+35=75 that gives the actual answer, and loops the same paragraph repeatedly."
step_0700,test/precalculus/1199.json,Precalculus,4,unlikely_right,"Model is stuck restating the same question about whether the graph is the given one, never actually computing c."
step_0700,test/precalculus/1281.json,Precalculus,4,unlikely_right,"Model resorts to fruitless integer trial-and-error for b^2, which cannot land on the irrational answer 11√5+11, and makes no real progress."
step_0700,test/precalculus/1303.json,Precalculus,1,headed_right,"Model already correctly computed DE=sqrt(51) from the coordinates, matching ground truth, before getting sidetracked by an unrelated sin D consistency check."
step_0700,test/precalculus/190.json,Precalculus,4,unlikely_right,"Stuck looping over confusion about a basic sin(90+x) identity, no real progress made."
step_0700,test/precalculus/580.json,Precalculus,3,unlikely_right,"Stuck in a 'Wait, no' loop before any actual computation is performed."
step_0700,test/precalculus/697.json,Precalculus,2,headed_right,"Numerically arrived at -1.732 which matches -sqrt(3), the correct answer."
step_0700,test/precalculus/703.json,Precalculus,5,unlikely_right,"Endlessly repeats the same uncertain restatement about whether r is fixed, no actual factoring or progress toward theta values."
step_0700,test/precalculus/801.json,Precalculus,3,unlikely_right,"Model concludes theta=67 degrees via an invalid triangle-angle-sum argument, contradicting the ground truth of 55 degrees, and loops on this wrong conclusion."
step_0700,test/precalculus/902.json,Precalculus,5,unlikely_right,Derives the correct antipodal-pair-sum formula but then repeats the identical derivation verbatim multiple times without ever pairing the five given distances to solve for the sixth.
step_0700,test/precalculus/920.json,Precalculus,4,unlikely_right,"Derived the correct A^3=-I but then collapses into an endless repeated-sentence loop, never computing A^27+A^31+A^40."
step_0700,test/precalculus/986.json,Precalculus,5,unlikely_right,Loops repeating the same matrix setup verbatim without ever computing the determinant.
step_0700,test/precalculus/989.json,Precalculus,4,unlikely_right,Derives an algebraic expression then loops repeating the same failed manipulation without reaching a numeric answer.
step_0700,test/precalculus/990.json,Precalculus,5,unlikely_right,Correct rotation formula set up but model is stuck in an unresolved infinite loop contradicting itself on a basic i*i multiplication step.
step_1000,test/algebra/1457.json,Algebra,3,headed_right,"Correctly computed abc = 15*(-8) = -120, matching the ground truth, just looping redundantly."
step_1000,test/algebra/2058.json,Algebra,4,unlikely_right,Correctly expands the numerator but then loops identically trying to regroup it into the target form without breaking out.
step_1000,test/algebra/2779.json,Algebra,5,headed_right,"Correctly expanded the cube to 11√2+9√3, giving a+b+c=11+9+0=20, matching the ground truth exactly."
step_1000,test/algebra/297.json,Algebra,5,unlikely_right,Correct quartic setup but degenerates into a verbatim repeating loop about root labeling without ever computing the y-values or product.
step_1000,test/algebra/661.json,Algebra,3,unlikely_right,Model oscillates indecisively between two candidate answers (36 vs 40) in a rambling loop without ever committing.
step_1000,test/counting_and_probability/1003.json,Counting & Probability,5,unlikely_right,Setup is plausible but the model is stuck in a verbatim repetition loop making no progress toward computing the actual probability.
step_1000,test/counting_and_probability/134.json,Counting & Probability,4,unlikely_right,"Oscillates unresolved between 720 and 1440 in a repeating loop, never settling on the correct value."
step_1000,test/counting_and_probability/159.json,Counting & Probability,5,unlikely_right,"Stuck in a verbatim repeating loop about whether the Independent sits between blocks, no progress toward a count."
step_1000,test/counting_and_probability/181.json,Counting & Probability,5,unlikely_right,"Repeats the same vague sentence about square sizes in a loop, never derives a counting formula or equation for n."
step_1000,test/counting_and_probability/238.json,Counting & Probability,4,unlikely_right,"Confused and going in circles about whether corner seats are shared between sides, no convergence toward the correct symmetry count."
step_1000,test/counting_and_probability/282.json,Counting & Probability,4,unlikely_right,"Model is lost in a confused repeating loop about grid coordinate/column labeling, not converging toward the correct probability."
step_1000,test/counting_and_probability/525.json,Counting & Probability,5,unlikely_right,Correct problem interpretation but stuck in an infinite repeating loop with no computation reaching the answer.
step_1000,test/counting_and_probability/71.json,Counting & Probability,3,unlikely_right,Stuck repeating a non-integer formula (2^5+1)/2 with no indication of finding the correct partition-counting approach that gives 3.
step_1000,test/counting_and_probability/731.json,Counting & Probability,5,unlikely_right,"Model settles on guessing 1/4 in an unresolved loop, not the ground truth 1/2."
step_1000,test/counting_and_probability/870.json,Counting & Probability,5,unlikely_right,"Repeatedly concludes probability 1/2 via flawed 'opposite sides' argument, contradicting the true answer 1/3."
step_1000,test/geometry/183.json,Geometry,5,unlikely_right,Loops through the same confused inscribed-angle reasoning repeatedly without resolving alpha.
step_1000,test/geometry/434.json,Geometry,1,unlikely_right,Model reaches an impossible negative angle contradiction and loops without resolving it toward the correct configuration.
step_1000,test/geometry/465.json,Geometry,4,unlikely_right,"Derives angle ADC = 200 degrees via a sector-difference approach, contradicting the ground truth of 120 degrees."
step_1000,test/geometry/686.json,Geometry,5,unlikely_right,"Oscillates repeatedly between 36+2π and 18+2π in a verbatim loop without ever settling, a hopeless ramble despite briefly touching the right value."
step_1000,test/geometry/711.json,Geometry,5,unlikely_right,"Stuck in an infinite rambling loop about face BCD decomposition, never derives any usable result."
step_1000,test/geometry/817.json,Geometry,5,unlikely_right,"Explicitly concludes with irrational answer 14(sqrt(2)-1), rejecting the fraction 7/2 which differs from ground truth 14/3, stuck looping."
step_1000,test/geometry/826.json,Geometry,5,unlikely_right,"Stuck in a hopeless repeating loop confused about the Asymptote bisectorpoint construction, making no progress toward BH."
step_1000,test/geometry/880.json,Geometry,5,unlikely_right,"Endless repeated confusion setting up coordinates for the gecko/fly problem, never reaches an unfolding/distance computation."
step_1000,test/intermediate_algebra/102.json,Intermediate Algebra,4,unlikely_right,"Repeats the same unproductive algebraic rearrangement in a loop, never finding the telescoping identity needed to reach 2."
step_1000,test/intermediate_algebra/1063.json,Intermediate Algebra,4,unlikely_right,"Despite one early correct computation, the tail is stuck in a repetitive confused loop about indexing (n=4 is z2?) with no resolution."
step_1000,test/intermediate_algebra/128.json,Intermediate Algebra,2,unlikely_right,Model is stuck in an infinite repetition loop re-listing the same composition steps without ever determining parity.
step_1000,test/intermediate_algebra/1365.json,Intermediate Algebra,3,unlikely_right,Correct critical points identified but then stuck in an unproductive verbatim loop never computing the slopes needed to reach 15.
step_1000,test/intermediate_algebra/1405.json,Intermediate Algebra,4,unlikely_right,"Algebra error (used b instead of b^2 in distance formula) produces a false contradiction 3=4√2, looping without recovering the correct 16√3 answer."
step_1000,test/intermediate_algebra/1411.json,Intermediate Algebra,4,unlikely_right,"Correct Vieta setup but repeats the identical paragraph verbatim multiple times, a stalled loop that never enumerates the triples or computes c."
step_1000,test/intermediate_algebra/1454.json,Intermediate Algebra,5,unlikely_right,Reasonable Minkowski-distance setup devolves into an infinite repeated sentence loop with no resolution.
step_1000,test/intermediate_algebra/1467.json,Intermediate Algebra,5,headed_right,"Computed ratio for k=1 as 13, matching 8n^2+4n+1 at n=1, so the derived values are consistent with the ground truth despite the repetitive loop."
step_1000,test/intermediate_algebra/1508.json,Intermediate Algebra,5,unlikely_right,"Correctly found the period-2 pattern but then degenerates into an endless 'a1, a2, a1, a2...' repetition loop without ever computing the numeric value."
step_1000,test/intermediate_algebra/1510.json,Intermediate Algebra,5,unlikely_right,Stuck in an unproductive repeating loop of vague algebraic manipulations with no progress toward showing the product is 0.
step_1000,test/intermediate_algebra/158.json,Intermediate Algebra,5,unlikely_right,Lagrange multiplier approach reaches a contradiction (b=0) and loops rechecking the same derivatives without resolving to 27648.
step_1000,test/intermediate_algebra/1992.json,Intermediate Algebra,4,headed_right,"Correctly derives (0,9) union (9,36) matching ground truth, just looping while restating it."
step_1000,test/intermediate_algebra/1994.json,Intermediate Algebra,5,headed_right,"Model correctly derives and numerically verifies the double sum equals p - q, matching ground truth."
step_1000,test/intermediate_algebra/2015.json,Intermediate Algebra,5,unlikely_right,"Sets up Vieta's correctly but gets stuck in an unproductive repetitive loop without deriving S, T, U values."
step_1000,test/intermediate_algebra/345.json,Intermediate Algebra,4,unlikely_right,Repeats the same geometric/arithmetic relation derivation in a loop without ever solving for a1.
step_1000,test/intermediate_algebra/362.json,Intermediate Algebra,4,headed_right,Correctly completes the square to get circle (x+3)^2+(y-12)^2=81 and is proceeding toward a valid distance-sum approach with no errors shown.
step_1000,test/intermediate_algebra/558.json,Intermediate Algebra,5,unlikely_right,"Restates the same relations (a2k*r=a2k+d, etc.) in a loop without solving the system for lambda."
step_1000,test/intermediate_algebra/582.json,Intermediate Algebra,5,unlikely_right,"Endlessly repeats a failed attempt to recall cos(pi/10) exactly, never advancing to the sum."
step_1000,test/intermediate_algebra/623.json,Intermediate Algebra,2,headed_right,"Repeatedly and consistently derives a+b=0, matching the ground truth, just loops instead of terminating."
step_1000,test/intermediate_algebra/662.json,Intermediate Algebra,5,unlikely_right,Stuck repeating the same failed substitution attempts verbatim with no progress toward the roots.
step_1000,test/intermediate_algebra/960.json,Intermediate Algebra,5,unlikely_right,Repeats the same restated triangle-inequality sentence in a loop with zero computation of the actual sum.
step_1000,test/number_theory/1000.json,Number Theory,5,headed_right,"Extended Euclidean algorithm already correctly produced 44, matching ground truth, before an unrelated confused verification loop."
step_1000,test/number_theory/1032.json,Number Theory,3,headed_right,"Model correctly identifies and verifies 2220 as the answer, matching ground truth."
step_1000,test/number_theory/1185.json,Number Theory,3,unlikely_right,"Endless repetitive loop questioning the notation, no actual computation toward the units digit."
step_1000,test/number_theory/1201.json,Number Theory,3,headed_right,"Correctly computes LCM(3,4,5)=60 and concludes only 60 is in range, repeatedly stating the correct answer of 1."
step_1000,test/number_theory/203.json,Number Theory,3,headed_right,"Already correctly derived {4,3,7} with sum 14 matching the ground truth, just looping instead of stopping."
step_1000,test/number_theory/410.json,Number Theory,2,headed_right,"Model already derived 0.35625 via a second method matching ground truth, though it loops confused about a division error afterward."
step_1000,test/number_theory/417.json,Number Theory,4,headed_right,"Derives the correct structure of 9 ones followed by two zeros (11 digits total), matching the ground-truth number 11111111100, just stuck repeating before finalizing."
step_1000,test/number_theory/516.json,Number Theory,4,unlikely_right,"Correct grouping method but stuck in an infinite loop miscounting digit positions, never resolves."
step_1000,test/number_theory/679.json,Number Theory,2,unlikely_right,Model is confused about the basic setup of coins vs bills and loops without any numeric progress toward 59.
step_1000,test/number_theory/737.json,Number Theory,5,headed_right,"Model correctly computes sum of proper divisors of 284=220 then of 220=284, matching ground truth despite repetitive looping."
step_1000,test/number_theory/820.json,Number Theory,5,unlikely_right,"Endlessly restates the same unresolved ratio expression without ever converging on a value for a, no sign of reaching 8."
step_1000,test/prealgebra/1139.json,Prealgebra,5,unlikely_right,Model is stuck in an unresolved repetitive loop of confused restatement without making progress toward enumerating values.
step_1000,test/prealgebra/1187.json,Prealgebra,2,unlikely_right,Stuck in an infinite repetitive loop restating '15 cm' with no progress toward the area computation.
step_1000,test/prealgebra/1233.json,Prealgebra,4,unlikely_right,"Gets stuck rehashing the same confused interpretation of the problem in a loop, never reaching the 0.6*1.5 computation."
step_1000,test/prealgebra/1252.json,Prealgebra,2,unlikely_right,"Stuck in a verbatim repetition loop confused about problem setup, no arithmetic progress toward 200."
step_1000,test/prealgebra/1356.json,Prealgebra,4,headed_right,"Correct setup (24 total, 6 removed, 18 remain) makes 8 math books/18 = 4/9 a trivial next step despite rambling over a false ambiguity."
step_1000,test/prealgebra/1646.json,Prealgebra,5,unlikely_right,"Never resolves the contradiction in interpreting the 110/100 degree labels, stuck in a repeating loop."
step_1000,test/prealgebra/1733.json,Prealgebra,3,unlikely_right,"Cycles through the same handful of groupings that all yield 13, never finding a grouping that lowers the value toward -9."
step_1000,test/prealgebra/1761.json,Prealgebra,3,unlikely_right,Confuses the multiplier (3/2) with the quotient (15) and loops in unresolved confusion over which is the answer.
step_1000,test/prealgebra/2066.json,Prealgebra,5,headed_right,"Correctly computes the exact difference as approximately 22.17 rounding to 22, matching ground truth, despite looping."
step_1000,test/prealgebra/2086.json,Prealgebra,4,headed_right,First method correctly computes 40 daps (matching ground truth) and the model repeatedly reaffirms 'the first method gives 40 daps' despite a confused second attempt.
step_1000,test/prealgebra/260.json,Prealgebra,4,unlikely_right,Endlessly loops through the same unresolved formula guesses for the star's tip angle without converging on 36 degrees.
step_1000,test/prealgebra/465.json,Prealgebra,4,unlikely_right,Degenerates into a nonsensical repeated arithmetic loop (10850+248=111) rather than computing the period length.
step_1000,test/prealgebra/631.json,Prealgebra,3,unlikely_right,"Misapplies shoelace formula to wrong quadrilateral and gets area 2, but is confused/looping and expresses doubt, coincidentally matching answer by flawed reasoning that likely won't stabilize."
step_1000,test/prealgebra/805.json,Prealgebra,3,unlikely_right,"Model narrows to 41 or 43 but never checks that 43+2=45 is composite, looping without resolving the ambiguity."
step_1000,test/prealgebra/914.json,Prealgebra,4,unlikely_right,"Model is stuck cycling through unverified guesses (35°, 40°) far from the correct 75° with no sound derivation."
step_1000,test/precalculus/1199.json,Precalculus,4,headed_right,"Model correctly reads c=pi from the Asymptote code, matching ground truth, though stuck looping in self-doubt."
step_1000,test/precalculus/1201.json,Precalculus,3,unlikely_right,"Cycles through the same failed factoring attempt (a=c=2i) verbatim in a loop, never resolving the quartic."
step_1000,test/precalculus/697.json,Precalculus,2,unlikely_right,Correct identities used but the same algebraic block repeats verbatim in a loop without ever simplifying to a numeric/exact value.
step_1000,test/precalculus/902.json,Precalculus,5,unlikely_right,"Stuck in a repetitive loop with a failed algebraic approach yielding impossible negative values, no path to sqrt(66)."
step_1000,test/precalculus/920.json,Precalculus,4,unlikely_right,Derived correct fact A^3=-I but degenerated into an endless verbatim repetition loop instead of finishing the computation.
step_1300,test/algebra/1837.json,Algebra,5,unlikely_right,Model is stuck in an unproductive repetitive loop of doubt without setting up equations or approaching x=5.
step_1300,test/algebra/2023.json,Algebra,3,headed_right,"Correct domain analysis consistently concludes x=1, matching ground truth."
step_1300,test/algebra/2593.json,Algebra,2,unlikely_right,"Gets the correct intermediate 676-576=100 but becomes stuck in an endless verbatim self-questioning loop, never progressing to the final computation."
step_1300,test/algebra/892.json,Algebra,5,unlikely_right,Model is stuck in an unresolved repetitive loop about comparing a^2+2a and a^3 without ever converging to a numeric answer.
step_1300,test/counting_and_probability/525.json,Counting & Probability,5,headed_right,"Model repeatedly computes 144 via the gap method, matching the ground truth despite looping self-doubt."
step_1300,test/geometry/183.json,Geometry,5,unlikely_right,"Repeatedly concludes α=60°, contradicting the ground-truth 145°."
step_1300,test/intermediate_algebra/1063.json,Intermediate Algebra,4,unlikely_right,Model is stuck repeating 'F^4(z) = -4z' hundreds of times with no further derivation toward the actual value 1+274i.
step_1300,test/intermediate_algebra/1197.json,Intermediate Algebra,5,headed_right,"Sound valid approach (Lagrange interpolation on the 6 points) with no algebraic errors, plausible to reach 3/56 given more tokens."
step_1300,test/intermediate_algebra/1217.json,Intermediate Algebra,2,headed_right,"The quotient x^5 - x^4 + x^3 - x^2 + x - 1 derived matches the ground truth exactly, despite looping over remainder verification."
step_1300,test/intermediate_algebra/128.json,Intermediate Algebra,2,unlikely_right,Model loops verbatim on the same substitution step for E(-x) without ever completing the outer layers or reaching a conclusion.
step_1300,test/intermediate_algebra/1849.json,Intermediate Algebra,5,headed_right,"Model repeatedly states the final answer 501, matching the ground truth."
step_1300,test/intermediate_algebra/345.json,Intermediate Algebra,4,unlikely_right,Devolves into repeating 'this is vague' without deriving any relations toward a1=504.
step_1300,test/intermediate_algebra/558.json,Intermediate Algebra,5,unlikely_right,Stuck repeating the same substitution equation with no forward progress toward the interval answer.
step_1300,test/intermediate_algebra/582.json,Intermediate Algebra,5,unlikely_right,Stuck in a verbatim substitution loop with no progress toward a numeric answer.
step_1300,test/intermediate_algebra/623.json,Intermediate Algebra,2,headed_right,"Model correctly and repeatedly concludes a+b=0, matching the ground truth."
step_1300,test/number_theory/1032.json,Number Theory,3,headed_right,"Already explicitly concludes '2220 is the answer' repeatedly, matching ground truth, just looping instead of stopping."
step_1300,test/number_theory/516.json,Number Theory,4,unlikely_right,"Model's octal groupings (5536, 1256) are both wrong and it never reaches the correct 2516, looping on flawed groupings."
step_1300,test/prealgebra/1139.json,Prealgebra,5,unlikely_right,"Circular confused reasoning about which parenthesizations to count, repeating the same paragraph with no resolution toward 4."
step_1300,test/prealgebra/1646.json,Prealgebra,5,unlikely_right,"Abandons the trisection setup for literal (not-to-scale) coordinate geometry yielding ~79.3°, unrelated to the 80° answer."
step_1300,test/prealgebra/1733.json,Prealgebra,3,unlikely_right,"Model is stuck in a verbatim repeating loop testing the same two groupings (both giving 13), never finding a path toward -9."
step_1300,test/prealgebra/1761.json,Prealgebra,3,headed_right,"Correctly derives 3/2 as the reciprocal multiplier, matching ground truth despite repetitive rambling."
step_1300,test/precalculus/1199.json,Precalculus,4,headed_right,Model correctly identifies c=pi from the Asymptote code and repeats this correct value throughout the loop.
step_1600,test/algebra/2023.json,Algebra,3,headed_right,"Already validated x=1 gives a real value and concluded the answer is 1, matching ground truth, despite repetitive self-questioning."
step_1600,test/algebra/2046.json,Algebra,3,headed_right,Correctly derived x^3+3x^2-(3x^2-3x+6) matching the ground truth x^3+3x-6 just before looping.
step_1600,test/algebra/2176.json,Algebra,5,headed_right,"Already derived the correct set of values {1,-1,0} and repeatedly states 'three distinct values', matching the ground truth 3."
step_1600,test/algebra/2779.json,Algebra,5,unlikely_right,"Though the arithmetic (11√2+9√3) matches ground truth, model is stuck in an unresolved repeating loop about the missing √6 term and never concludes c=0 or sums to 20."
step_1600,test/counting_and_probability/181.json,Counting & Probability,5,unlikely_right,Repeatedly cycles through the same failed size-combination guesses (n=74/6) without finding a working setup.
step_1600,test/counting_and_probability/238.json,Counting & Probability,4,unlikely_right,"Repeats the same restatement of the constraint without computing any count, hopeless loop."
step_1600,test/counting_and_probability/282.json,Counting & Probability,4,unlikely_right,"Stuck in an exact repeating loop reasoning about checkerboard coordinates, never reaches a probability."
step_1600,test/counting_and_probability/430.json,Counting & Probability,4,headed_right,Correctly sets up the two-step transfer process and is reasoning coherently toward enumerating outcomes.
step_1600,test/counting_and_probability/525.json,Counting & Probability,5,unlikely_right,Reasonable setup but stuck in a verbatim repetition loop making no progress toward a count.
step_1600,test/counting_and_probability/870.json,Counting & Probability,5,unlikely_right,Endlessly repeats the same exploratory paragraph without ever computing a probability.
step_1600,test/geometry/1140.json,Geometry,5,unlikely_right,Stuck repeating a nonsensical arithmetic fragment '(64/17)/17' with no resolution.
step_1600,test/geometry/183.json,Geometry,5,unlikely_right,The arc-based approach self-admittedly produces an impossible negative result and no valid alternative method is found.
step_1600,test/geometry/221.json,Geometry,3,headed_right,"Uses the correct median formula terms (2*34^2+2*34^2-32^2)/4=900 which yields the correct answer 30, just stuck repeating."
step_1600,test/geometry/229.json,Geometry,5,unlikely_right,"Stuck in an exact repeating loop restating c≠d from (c-d)^2>0, no progress toward a+b+c+d."
step_1600,test/geometry/434.json,Geometry,1,unlikely_right,Model is stuck looping on a coordinate-distance inconsistency (AB≠BC by coordinates) and never proceeds to actually compute the angle x.
step_1600,test/geometry/477.json,Geometry,3,unlikely_right,"Model repeats the identical paragraph about cube truncation and sphere tangency verbatim, stuck without deriving the cube's side length."
step_1600,test/geometry/65.json,Geometry,3,headed_right,"Already reached angles 30/90/60 matching the ground truth, just stuck looping on the sum confirmation."
step_1600,test/geometry/686.json,Geometry,5,unlikely_right,"Stuck in a verbatim repeating loop about side extensions, never computes the 18+2π perimeter."
step_1600,test/geometry/795.json,Geometry,3,unlikely_right,Model loops indefinitely restating the same sine identity manipulation (sin γ = sin(α+β)) without ever resolving it.
step_1600,test/geometry/817.json,Geometry,5,unlikely_right,Model repeatedly derives irrational radii (14/(√2+1)) inconsistent with the required common-fraction answer and cycles through failed tangency setups without resolving.
step_1600,test/geometry/826.json,Geometry,5,unlikely_right,Repeatedly restates contradiction with Asymptote coordinates in a loop without deriving BH via any consistent method.
step_1600,test/geometry/846.json,Geometry,2,unlikely_right,"Model reaches a contradiction, explicitly says it's stuck, and repeats the same failed algebraic setup without correcting it."
step_1600,test/geometry/880.json,Geometry,5,unlikely_right,Endlessly repeats the same unresolved unfolding idea without setting up a concrete path length.
step_1600,test/intermediate_algebra/102.json,Intermediate Algebra,4,headed_right,"Numerically computed partial sums converging to 2 and explicitly concluded the answer is 2, matching ground truth."
step_1600,test/intermediate_algebra/1197.json,Intermediate Algebra,5,unlikely_right,Model derives a contradiction (two different values of c) and loops on this unresolved contradiction instead of correcting the underlying error.
step_1600,test/intermediate_algebra/1350.json,Intermediate Algebra,5,unlikely_right,"Model is stuck in a verbatim repeating loop, confused about factor products, never resolving the contradiction."
step_1600,test/intermediate_algebra/1408.json,Intermediate Algebra,5,unlikely_right,Degenerated into a nonsensical repeating loop about a_3 with self-contradicting 'wait no' fragments.
step_1600,test/intermediate_algebra/1467.json,Intermediate Algebra,5,unlikely_right,"Model repeats an unverified guess ((2n+1)^2+2(2n+1)+1, which doesn't even algebraically match 8n²+4n+1) in a stuck loop."
step_1600,test/intermediate_algebra/1510.json,Intermediate Algebra,5,unlikely_right,Loops on a shallow restatement without deriving the key forced-antipodal-pair insight needed to show the product is 0.
step_1600,test/intermediate_algebra/1544.json,Intermediate Algebra,5,unlikely_right,"Loops repeating conclusion of 3 quadratics, contradicting the ground-truth answer of 6."
step_1600,test/intermediate_algebra/2015.json,Intermediate Algebra,5,unlikely_right,"Despite correctly noting the sum of the three expressions is 0, the model gets stuck in a verbatim repeating loop rejecting its own approach without finding the values."
step_1600,test/intermediate_algebra/345.json,Intermediate Algebra,4,unlikely_right,Degenerated into an endless repeated 'x divides 2y^2' loop with no further progress.
step_1600,test/intermediate_algebra/362.json,Intermediate Algebra,4,unlikely_right,Stuck repeating the same 'alternatively perhaps' sentence without ever computing anything.
step_1600,test/intermediate_algebra/558.json,Intermediate Algebra,5,unlikely_right,"Stuck in an infinite repeating loop about the cubic being called quadratic, no progress toward the answer."
step_1600,test/intermediate_algebra/662.json,Intermediate Algebra,5,unlikely_right,"Stuck repeating '5, 9, 13' with no algebraic progress toward the roots 1 ± √19."
step_1600,test/intermediate_algebra/776.json,Intermediate Algebra,4,unlikely_right,"Circles through the same setup phrases without ever solving for b, stuck in unproductive loop."
step_1600,test/intermediate_algebra/960.json,Intermediate Algebra,5,unlikely_right,Correct triangle-inequality setup but stuck looping on the same generating-function formulation without ever evaluating the sum.
step_1600,test/intermediate_algebra/966.json,Intermediate Algebra,5,unlikely_right,"Stuck in a repeating unproductive AM-GM splitting loop with mismatched exponents, never converging."
step_1600,test/number_theory/488.json,Number Theory,4,unlikely_right,"Correct setup but stuck in an infinite repeating loop about digit form 2B2, never converges."
step_1600,test/number_theory/516.json,Number Theory,4,unlikely_right,Repeatedly restarts the grouping procedure and never settles on a consistent digit grouping to reach 2516_8.
step_1600,test/number_theory/612.json,Number Theory,1,unlikely_right,Stuck in an endless loop declaring the setup 'impossible' without resolving the actual problem.
step_1600,test/number_theory/679.json,Number Theory,2,unlikely_right,Model repeats the same 'perhaps... alternatively maybe...' musing about coin conversion without ever setting up or computing the actual cents total.
step_1600,test/number_theory/737.json,Number Theory,5,headed_right,"Model correctly computes proper divisors sum 220 then 284, matching the ground truth, and repeats this correct conclusion (looping but on the right answer)."
step_1600,test/prealgebra/1128.json,Prealgebra,5,unlikely_right,"Model loops verbatim on whether hair options include 'none', never resolving or progressing."
step_1600,test/prealgebra/1139.json,Prealgebra,5,unlikely_right,Model repeats the same setup paragraph verbatim without ever starting to enumerate the actual achievable values.
step_1600,test/prealgebra/1317.json,Prealgebra,1,headed_right,"Correctly derived x=4 from 10^x=10,000 before falling into a repetitive verification loop."
step_1600,test/prealgebra/1356.json,Prealgebra,4,unlikely_right,Loops on the same unresolved doubt about which shelf books were removed without ever using that the middle shelf is all-math.
step_1600,test/prealgebra/1646.json,Prealgebra,5,unlikely_right,"Still confused about what the trisection labels represent, with no coherent path to the 80 degree answer yet."
step_1600,test/prealgebra/1733.json,Prealgebra,3,unlikely_right,"Cycles through the same few parenthesizations repeatedly getting 13, never finds a lower value like -9."
step_1600,test/prealgebra/2086.json,Prealgebra,4,headed_right,"Already derived 42 baps = 40 daps matching the ground truth, looping in confirmation rather than error."
step_1600,test/precalculus/1146.json,Precalculus,4,unlikely_right,Trapped in a circular repeated statement with no computation of d ever occurring.
step_1600,test/precalculus/1201.json,Precalculus,3,unlikely_right,Stuck rambling the same sentence about root angles in an unproductive loop with no resolution.
step_1600,test/precalculus/263.json,Precalculus,3,unlikely_right,"Stuck in an exact repeating loop about expressing a3 in terms of a1,a2, never resolves or computes A*v."
step_1600,test/precalculus/801.json,Precalculus,3,unlikely_right,"Repeats a tautological sentence about the angle between a and b in a loop, making no progress toward computing theta."
step_1600,test/precalculus/902.json,Precalculus,5,unlikely_right,Excerpt is a verbatim repeating loop ('each term has x² except...') with no progress toward a numeric answer.
step_1600,test/precalculus/927.json,Precalculus,4,unlikely_right,"Model is stuck in a repetitive confused loop about how to normalize the direction vector, never completing the dot-product/angle computation."
step_1900,test/algebra/2023.json,Algebra,3,headed_right,"Model correctly derives domain x>=1, x!=2 and confirms x=1 gives a valid real value, matching the ground-truth answer 1."
step_1900,test/algebra/2517.json,Algebra,5,unlikely_right,"Correct simplification to 1/b²-a² was found, but the model then loops on a wrong numeric value -35.96 that does not match -35/9≈-3.89."
step_1900,test/algebra/858.json,Algebra,4,headed_right,"Correctly derived x=1 and x=-2 and identified -2 as the smallest, matching the ground truth."
step_1900,test/algebra/892.json,Algebra,5,unlikely_right,Model is stuck in a verbatim repeated loop about range union without concluding.
step_1900,test/counting_and_probability/1003.json,Counting & Probability,5,unlikely_right,Model reasoned itself into a false contradiction and is looping without resolving the correct probability setup.
step_1900,test/counting_and_probability/159.json,Counting & Probability,5,headed_right,"Correct block-permutation setup (3-1)!*5!*5!=28800 matches ground truth exactly, just stuck repeating the conclusion instead of stating it."
step_1900,test/counting_and_probability/181.json,Counting & Probability,5,unlikely_right,"Model's formula gives totals of 68 (n=12) and 74 (n=13), nowhere near the actual answer n=19, and it loops in confusion without correcting the approach."
step_1900,test/counting_and_probability/230.json,Counting & Probability,4,headed_right,"Model correctly finds 8 collinear lines giving 8/84=2/21, matching the ground truth exactly despite repetitive self-checking."
step_1900,test/counting_and_probability/238.json,Counting & Probability,4,unlikely_right,Looping over seat labeling without any actual counting computation.
step_1900,test/counting_and_probability/430.json,Counting & Probability,4,unlikely_right,Stuck restating the setup in a repeating loop without computing any probability.
step_1900,test/counting_and_probability/525.json,Counting & Probability,5,unlikely_right,"Model is stuck in a verbatim repetition loop reinterpreting the problem statement, no progress toward a solution."
step_1900,test/counting_and_probability/765.json,Counting & Probability,5,unlikely_right,Model is stuck in a verbatim repetition loop before reaching inclusion-exclusion computation.
step_1900,test/counting_and_probability/870.json,Counting & Probability,5,headed_right,"Despite repetitive looping, the model explicitly recalls the correct answer 1/3 for chord intersection probability."
step_1900,test/geometry/183.json,Geometry,5,unlikely_right,Model is stuck in a verbatim repeating loop about arc-angle relationships without deriving alpha.
step_1900,test/geometry/434.json,Geometry,1,unlikely_right,Model degenerates into verbatim repetition of a single sentence with no further progress toward computing x.
step_1900,test/geometry/465.json,Geometry,4,unlikely_right,Stuck in an unproductive repeating loop with no progress toward computing the angle.
step_1900,test/geometry/477.json,Geometry,3,unlikely_right,Stuck in a repeating loop oscillating between correct (216) and incorrect (54√2) interpretations without ever committing.
step_1900,test/geometry/702.json,Geometry,5,unlikely_right,"Model gets stuck believing height h is unknown/unsolvable and loops on the same confused paragraph without deriving OC, OD, or h."
step_1900,test/geometry/711.json,Geometry,5,unlikely_right,"Computed a quadrilateral area of 1 that it doubts, looping without reaching 1+2√3."
step_1900,test/geometry/817.json,Geometry,5,unlikely_right,"Model derives r=14(sqrt2-1), irrational, contradicting the required common-fraction answer 14/3, and is stuck looping."
step_1900,test/geometry/826.json,Geometry,5,unlikely_right,Degenerated into a repeating loop about F/H connections with no progress toward BH.
step_1900,test/geometry/880.json,Geometry,5,unlikely_right,Model is hopelessly confused about wall/coordinate assignment and loops without ever setting up a valid unfolding.
step_1900,test/geometry/965.json,Geometry,5,unlikely_right,"Repeats an unresolved computation and only guesses area 14, not matching ground truth 28."
step_1900,test/intermediate_algebra/1350.json,Intermediate Algebra,5,unlikely_right,Degenerated into pure repetition ('So n is the number of roots') with no progress toward computing a_{n-1}.
step_1900,test/intermediate_algebra/1365.json,Intermediate Algebra,3,unlikely_right,Endless repetitive looping about endpoint/derivative structure with no actual computation toward the answer 15.
step_1900,test/intermediate_algebra/1388.json,Intermediate Algebra,5,unlikely_right,"Despite a correct recurrence setup, model is stuck in a verbatim repeating loop and never advances to compute f(2), f(3), etc."
step_1900,test/intermediate_algebra/1411.json,Intermediate Algebra,4,unlikely_right,Looping on 'maybe this is not a solution' with no further derivation of c values.
step_1900,test/intermediate_algebra/2015.json,Intermediate Algebra,5,unlikely_right,Model is stuck in an unproductive loop repeating the same unresolved approach without reaching the answer.
step_1900,test/intermediate_algebra/2022.json,Intermediate Algebra,5,headed_right,"Correctly derived n=64 for the equal-values case, matching the ground truth sum."
step_1900,test/intermediate_algebra/345.json,Intermediate Algebra,4,unlikely_right,Repeating the same failed trial (d=7) in a loop without deriving a1.
step_1900,test/intermediate_algebra/362.json,Intermediate Algebra,4,unlikely_right,"Stuck confused in a repeating loop questioning whether the circles are the same, no progress toward the answer."
step_1900,test/intermediate_algebra/558.json,Intermediate Algebra,5,unlikely_right,Looping on the same unresolved sentence repeatedly with no forward progress.
step_1900,test/intermediate_algebra/582.json,Intermediate Algebra,5,unlikely_right,Stuck in an infinite repeating loop of the same unresolved reasoning without progress.
step_1900,test/intermediate_algebra/623.json,Intermediate Algebra,2,unlikely_right,Model repeats the identical confused sentence about domain intervals in an unresolved loop.
step_1900,test/intermediate_algebra/662.json,Intermediate Algebra,5,unlikely_right,Model's partial-fraction attempt hits a contradiction and it flounders without finding the key x=1 symmetry substitution.
step_1900,test/intermediate_algebra/690.json,Intermediate Algebra,4,unlikely_right,"Stuck in confused repetitive loop about notation, no algebraic progress toward the answer."
step_1900,test/intermediate_algebra/960.json,Intermediate Algebra,5,unlikely_right,"Stuck repeating the same paragraph about ordering triples, never sets up the actual sum."
step_1900,test/number_theory/1002.json,Number Theory,5,headed_right,"Model correctly derived x=1001c+439 via CRT and got 1440, matching the ground truth, just looping in repeated verification without stopping."
step_1900,test/number_theory/1032.json,Number Theory,3,unlikely_right,"Model degenerates into an endless repeated list of numbers (2000, 2020, 2040...) with no further reasoning."
step_1900,test/number_theory/1185.json,Number Theory,3,unlikely_right,Repetitive loop restating the tower-of-24s setup without computing any units digit.
step_1900,test/number_theory/203.json,Number Theory,3,unlikely_right,"Stuck in a repetitive loop rejecting 1,2,3,7 without finding an alternative set."
step_1900,test/number_theory/410.json,Number Theory,2,headed_right,"Model correctly computed 0.35625 via 57/16/10 method matching ground truth, though looping while checking a flawed long-division attempt."
step_1900,test/number_theory/516.json,Number Theory,4,unlikely_right,Model loops verbatim on how to group binary digits into threes without ever completing the conversion.
step_1900,test/number_theory/612.json,Number Theory,1,unlikely_right,Confused misinterpretation of the problem looping without ever reaching a numeric leftover.
step_1900,test/number_theory/679.json,Number Theory,2,headed_right,"Model correctly summed cents 47+23+37+52=159 and got remainder 59 after converting to bills, matching ground truth answer 59."
step_1900,test/prealgebra/1139.json,Prealgebra,5,unlikely_right,"Model loops verbatim over the same confused reasoning about grouping the +1, never converging on an enumeration."
step_1900,test/prealgebra/1187.json,Prealgebra,2,unlikely_right,Looping in confusion over conflicting labels without resolving the trapezoid dimensions.
step_1900,test/prealgebra/1655.json,Prealgebra,5,headed_right,"Model's first method (50-16=34, 34/100=17/50) matches the ground truth exactly, just looping while re-verifying it."
step_1900,test/prealgebra/1733.json,Prealgebra,3,headed_right,"Already computed 1+2+3-(4+5+6) = -9, exactly matching the ground truth, before looping."
step_1900,test/prealgebra/1930.json,Prealgebra,5,unlikely_right,Model is stuck in confused looping about grid coordinates without ever setting up magic square equations to solve for n.
step_1900,test/precalculus/1146.json,Precalculus,4,unlikely_right,"Despite a correct complex-exponential setup, the model is stuck in a verbatim repeating loop and never extracts the sine coefficients."
step_1900,test/precalculus/1199.json,Precalculus,4,unlikely_right,"Model is stuck in a repeating loop of confused self-questioning about the Asymptote code, unlikely to ever cleanly conclude."
step_1900,test/precalculus/1201.json,Precalculus,3,unlikely_right,Looping through the same confused area computation without resolving the roots or area.
step_1900,test/precalculus/263.json,Precalculus,3,unlikely_right,"Model pursues an overcomplicated column-space approach and loops on the same unresolved equations, never finding the simple linear-combination path that gives the correct answer."
step_1900,test/precalculus/625.json,Precalculus,3,unlikely_right,Model is stuck looping in confusion over scalar vs vector projection without computing the vector answer.
step_1900,test/precalculus/902.json,Precalculus,5,unlikely_right,"Repetitive loop with a dubious ad hoc formula, never applies the correct opposite-vertex-pair property to reach sqrt(66)."
step_2200,test/algebra/2023.json,Algebra,3,headed_right,"Already correctly concluded x=1 is the answer, just looping instead of stopping."
step_2200,test/algebra/2176.json,Algebra,5,unlikely_right,Model is stuck in a repetitive domain-confusion loop and never makes progress toward counting distinct values.
step_2200,test/algebra/2517.json,Algebra,5,headed_right,"Already correctly simplified expression and derived -35/9, matching the ground truth, before looping."
step_2200,test/algebra/2593.json,Algebra,2,unlikely_right,"Stuck re-verifying 576+100=676 in an unproductive loop, never proceeding to finish the computation."
step_2200,test/algebra/2626.json,Algebra,5,unlikely_right,"Gets stuck in an infinite unproductive loop trying to decompose a decimal, never reaches the final amount."
step_2200,test/algebra/2780.json,Algebra,5,unlikely_right,Stuck in an endless verbatim repetition loop making no progress toward the answer.
step_2200,test/algebra/297.json,Algebra,5,unlikely_right,Correctly found root x=-1 but then gets stuck in an infinite unproductive loop trying x=5.
step_2200,test/counting_and_probability/159.json,Counting & Probability,5,unlikely_right,"Excerpt cuts off at the very start of circular permutation setup with insufficient progress shown, but no contradicting errors seen; however given pattern of loops in this batch and minimal excerpt, insufficient work shown warrants caution—still leaning unlikely due to lack of visible progress toward the specific 28800 figure."
step_2200,test/counting_and_probability/181.json,Counting & Probability,5,unlikely_right,Repeats the same failed non-integer n=12.333 hypothesis endlessly without correcting course.
step_2200,test/counting_and_probability/230.json,Counting & Probability,4,unlikely_right,"Model is stuck in an infinite repeating loop failing to find additional collinear triples beyond the two diagonals, undercounting toward the correct answer of 2/21 (needs 8 lines total)."
step_2200,test/counting_and_probability/238.json,Counting & Probability,4,unlikely_right,"Model is stuck re-deriving the same confused setup about square sides/seats with no resolution, no formula reached."
step_2200,test/counting_and_probability/282.json,Counting & Probability,4,unlikely_right,"Stuck in a confused repeating loop about the wheel's numbers, never sets up the probability calculation."
step_2200,test/counting_and_probability/430.json,Counting & Probability,4,unlikely_right,Model is stuck in an infinite repeating loop re-describing the same case without computing a probability.
step_2200,test/counting_and_probability/870.json,Counting & Probability,5,headed_right,"Model explicitly recalls the correct standard result that the intersection probability is 1/3, matching ground truth."
step_2200,test/geometry/183.json,Geometry,5,unlikely_right,Repeats an unresolved 'angle equals half arc' phrase without ever computing a value.
step_2200,test/geometry/229.json,Geometry,5,unlikely_right,Loops endlessly checking 'k=5 is minimal' without justification or resolution.
step_2200,test/geometry/434.json,Geometry,1,unlikely_right,"Stuck in a verbatim repeating loop about what 'parallel to the segment through A' means, no numeric progress."
step_2200,test/geometry/711.json,Geometry,5,unlikely_right,"Model explicitly guesses 1+3√3/2, which does not match the ground truth 1+2√3, while looping."
step_2200,test/geometry/846.json,Geometry,2,unlikely_right,Pure verbatim repetition of one sentence with zero mathematical progress toward the answer.
step_2200,test/geometry/880.json,Geometry,5,unlikely_right,"Model is stuck in an infinite repeating loop confused about wall adjacency, never completing the unfolding needed to reach 2*sqrt(113)."
step_2200,test/intermediate_algebra/1014.json,Intermediate Algebra,3,headed_right,"Derived a^4=25, b^8=25, sum=50 matching the ground truth, just cut off before stating it."
step_2200,test/intermediate_algebra/1063.json,Intermediate Algebra,4,unlikely_right,Model is doing brute-force arithmetic on huge numbers in an infinite repeating loop instead of finding the periodicity needed to reach 1+274i.
step_2200,test/intermediate_algebra/1111.json,Intermediate Algebra,5,headed_right,Correct area formula A=(400W-πW²)/2 and derivative setup lead exactly to the known answer 20000/π; just looping on the same derivative step.
step_2200,test/intermediate_algebra/1279.json,Intermediate Algebra,5,headed_right,"Arrived at 2/1005, exactly matching the ground-truth answer."
step_2200,test/intermediate_algebra/128.json,Intermediate Algebra,2,unlikely_right,Model is stuck in an infinite repeating loop re-deriving the same 'Step 1-4' confusion without progress toward a parity conclusion.
step_2200,test/intermediate_algebra/1467.json,Intermediate Algebra,5,unlikely_right,"Stuck in a repetitive loop over an unresolved numerical contradiction, no path to 8n^2+4n+1."
step_2200,test/intermediate_algebra/1510.json,Intermediate Algebra,5,unlikely_right,Repeats an identical unhelpful restatement in an infinite loop with no progress toward the answer 0.
step_2200,test/intermediate_algebra/1992.json,Intermediate Algebra,4,headed_right,"Model already derived (0,36)\{9}, which equals the ground-truth (0,9)∪(9,36); just stuck looping before formatting."
step_2200,test/intermediate_algebra/2015.json,Intermediate Algebra,5,unlikely_right,"Despite a correct initial Vieta setup, the model loops through the same unproductive 'alternatively perhaps' phrases with no actual computation advancing toward the answer."
step_2200,test/intermediate_algebra/345.json,Intermediate Algebra,4,unlikely_right,Loops on 'd divides y²' with no computation progressing toward a1=504.
step_2200,test/intermediate_algebra/558.json,Intermediate Algebra,5,unlikely_right,Endlessly restates the period-2 setup without any algebraic progress toward the λ interval.
step_2200,test/intermediate_algebra/623.json,Intermediate Algebra,2,headed_right,"Correctly derived domain is x≠0 (a=0,b=0 giving a+b=0), just stuck rambling instead of stating it."
step_2200,test/intermediate_algebra/662.json,Intermediate Algebra,5,unlikely_right,Stuck in a pointless division loop (3748/15015) with no path visible toward 1±√19.
step_2200,test/intermediate_algebra/776.json,Intermediate Algebra,4,unlikely_right,"Model assumes a period-2 continued fraction pattern implying b=2, inconsistent with the ground truth answer of 3, while looping unresolved."
step_2200,test/intermediate_algebra/960.json,Intermediate Algebra,5,unlikely_right,Model is stuck in an unresolved repetitive algebra loop without converging on 17/21.
step_2200,test/number_theory/1032.json,Number Theory,3,headed_right,"Already explicitly concluded 'the answer is 2220,' matching ground truth, just stuck repeating it."
step_2200,test/number_theory/203.json,Number Theory,3,unlikely_right,"Model loops over sets that all wastefully include the redundant factor 1, never finding the optimal {3,4,7} sum of 14."
step_2200,test/number_theory/410.json,Number Theory,2,headed_right,"Correctly recomputed 57/160=0.35625 via 57/16 method and verified by cross-multiplication, matching the answer."
step_2200,test/number_theory/516.json,Number Theory,4,unlikely_right,Repeats the same failed grouping attempt for binary-to-octal conversion without ever completing it.
step_2200,test/number_theory/612.json,Number Theory,1,headed_right,"Model repeatedly circles back to stating the correct answer of 2 (max remainder when dividing by 3), consistent with ground truth despite looping confusion."
step_2200,test/number_theory/679.json,Number Theory,2,unlikely_right,Stuck in an endless repetitive loop decomposing 3737 with no progress.
step_2200,test/prealgebra/1128.json,Prealgebra,5,unlikely_right,"Stuck in an endless repetitive loop about shoe options, no progress toward 64."
step_2200,test/prealgebra/1139.json,Prealgebra,5,unlikely_right,Rambling loop repeating the same two grouping examples without enumerating cases or reaching a count.
step_2200,test/prealgebra/1356.json,Prealgebra,4,unlikely_right,"Stuck rambling in an unresolved loop about whether removed books are math books, never converges."
step_2200,test/prealgebra/1646.json,Prealgebra,5,headed_right,"Coordinate-slope computation gave arctan(6.2)≈80.7°, close to the correct 80°."
step_2200,test/prealgebra/1733.json,Prealgebra,3,unlikely_right,"Model is stuck in a repeating loop of the same failed groupings (all giving 13), never explores nested/complex parenthesizations needed to reach -9."
step_2200,test/prealgebra/914.json,Prealgebra,4,unlikely_right,Stuck repeating the same self-questioning sentence with no progress.
step_2200,test/precalculus/1133.json,Precalculus,5,unlikely_right,"Model repeats an unverified formula that simplifies to R² rather than the correct 3R², stuck without resolving the discrepancy."
step_2200,test/precalculus/1199.json,Precalculus,4,headed_right,Correctly derived c = π from the given function before spiraling into repetitive doubt.
step_2200,test/precalculus/1201.json,Precalculus,3,unlikely_right,Correct factoring was found but the model then loops indefinitely guessing at the area without computing it.
step_2200,test/precalculus/1202.json,Precalculus,5,unlikely_right,Model devolves into vague unresolved rambling ('check with x=1/something') with no concrete algebra shown toward the cubic.
step_2200,test/precalculus/902.json,Precalculus,5,headed_right,"Model is applying the correct classical technique (equal sums of squares of distances to opposite vertex pairs) for this octahedron problem, though repeating itself."
step_2200,test/precalculus/920.json,Precalculus,4,headed_right,"Model correctly derived D^27+D^31+D^40=diag(-1,-1), which equals the ground truth -I under any similarity transform, just failed to simplify."
step_2500,test/algebra/1184.json,Algebra,4,unlikely_right,"Model's own recurrence produces term5=9, contradicting the given sequence's term5=6, indicating a wrong operation-alternation setup, and it loops without correcting this."
step_2500,test/algebra/2023.json,Algebra,3,headed_right,"Model correctly analyzed the domain constraints and concluded x=1 works, matching the ground truth answer of 1."
step_2500,test/algebra/2176.json,Algebra,5,unlikely_right,"Model is stuck restating the same uncertain sentence about rational exponents in a loop, never making progress."
step_2500,test/algebra/2779.json,Algebra,5,headed_right,"Model correctly and repeatedly derives 11√2 + 9√3 (c=0), which sums to the ground-truth answer 20, despite confusion over the missing √6 term."
step_2500,test/algebra/2780.json,Algebra,5,unlikely_right,Model is stuck restating the setup without forming equations to solve for the proportionality constants.
step_2500,test/algebra/297.json,Algebra,5,unlikely_right,"Endlessly re-tests x=5 in the quartic getting the same non-zero result, looping without progress."
step_2500,test/counting_and_probability/14.json,Counting & Probability,1,headed_right,"Already derived 1/4 correctly and is just repeating the correct conclusion, matching the ground truth."
step_2500,test/counting_and_probability/181.json,Counting & Probability,5,unlikely_right,Stuck in an unproductive repeating loop of speculative square-size guesses with no correct setup reached.
step_2500,test/counting_and_probability/230.json,Counting & Probability,4,headed_right,"It derived 8/84 = 2/21, exactly matching the ground truth, before looping to double-check."
step_2500,test/counting_and_probability/238.json,Counting & Probability,4,unlikely_right,Stuck in a repeating loop restating the same setup without ever computing the actual count.
step_2500,test/counting_and_probability/282.json,Counting & Probability,4,unlikely_right,"Stuck looping over uncertain interpretation of the wheel's labeled numbers, no progress toward the probability."
step_2500,test/counting_and_probability/525.json,Counting & Probability,5,unlikely_right,"Model loops re-parsing the problem statement itself, never begins the inclusion-exclusion computation."
step_2500,test/counting_and_probability/737.json,Counting & Probability,2,unlikely_right,"Correct setup (26*25*10*9) but the model loops on a flawed multiplication (650*9 miscomputed as 5,895) yielding 58,950, not the correct 58,500."
step_2500,test/counting_and_probability/870.json,Counting & Probability,5,unlikely_right,Model repeats the same setup phrasing in a loop without ever computing a probability value.
step_2500,test/geometry/183.json,Geometry,5,unlikely_right,"Model flip-flops among 35, 145, and 85 degrees in a repetitive loop without settling on or justifying the correct 145 answer."
step_2500,test/geometry/226.json,Geometry,1,unlikely_right,Trapped in a repeating loop re-deriving the same tangent-circle contradiction with no resolution.
step_2500,test/geometry/229.json,Geometry,5,unlikely_right,"Stuck in a repetitive loop of failed attempts, explicitly says 'this is still not working' and 'give up', no progress toward a=b=c=d values."
step_2500,test/geometry/434.json,Geometry,1,unlikely_right,Model contradicts itself (equal base angles of 124 impossible) and loops without resolving the actual angle relationships.
step_2500,test/geometry/561.json,Geometry,5,unlikely_right,CoT loops indefinitely on how to arrange side lengths and never computes any area.
step_2500,test/geometry/711.json,Geometry,5,unlikely_right,Model loops repeatedly saying 'this is too confusing' without resolving the surface area computation.
step_2500,test/geometry/795.json,Geometry,3,unlikely_right,"Looping indecisively between sin T=1 and doubt, never using sin R=2/5 to get the correct sqrt(21)/5 answer."
step_2500,test/geometry/817.json,Geometry,5,unlikely_right,"Explicitly reduced to guessing (tried r=7, failed) and looping without a valid derivation reaching 14/3."
step_2500,test/geometry/880.json,Geometry,5,headed_right,Correctly applying the standard unfolding technique for shortest-path-on-box problems without errors so far.
step_2500,test/geometry/965.json,Geometry,5,unlikely_right,Circles through the same vague area-of-ABC reasoning repeatedly without setting up solvable equations.
step_2500,test/intermediate_algebra/1063.json,Intermediate Algebra,4,headed_right,"It correctly computed z_1 = 1+274i, exactly matching the ground truth answer."
step_2500,test/intermediate_algebra/1197.json,Intermediate Algebra,5,unlikely_right,Model loops on the same unresolved idea about polynomial differences without ever computing p(8).
step_2500,test/intermediate_algebra/1350.json,Intermediate Algebra,5,unlikely_right,CoT collapses into a repeating loop restating the same root triple without computing |a_{n-1}|.
step_2500,test/intermediate_algebra/1354.json,Intermediate Algebra,5,unlikely_right,Misreads the exponent as 2000 instead of 1997 and loops on a trivial restated identity with no progress.
step_2500,test/intermediate_algebra/1411.json,Intermediate Algebra,4,unlikely_right,Correct initial setup (r+s+t=a) but then stuck in an unproductive repeating loop restating the same tautological equation.
step_2500,test/intermediate_algebra/1462.json,Intermediate Algebra,5,unlikely_right,Model is stuck in a circular algebraic loop repeating the same sum expression without resolving it.
step_2500,test/intermediate_algebra/1467.json,Intermediate Algebra,5,unlikely_right,"CoT degenerates into an endless repeating loop of numbers (13, 41) without reaching a telescoping simplification."
step_2500,test/intermediate_algebra/1508.json,Intermediate Algebra,5,unlikely_right,CoT gets stuck in a repeating algebra-confusion loop over x-1=x^2 without resolving the equation or computing a_9.
step_2500,test/intermediate_algebra/1510.json,Intermediate Algebra,5,unlikely_right,Falls into a repetitive unproductive loop about pairwise sums without deriving the maximum.
step_2500,test/intermediate_algebra/1544.json,Intermediate Algebra,5,unlikely_right,"Model gets stuck in an infinite repetition loop and concludes 3, contradicting the ground truth of 6."
step_2500,test/intermediate_algebra/199.json,Intermediate Algebra,3,unlikely_right,Model confuses x^9+1 vs x^9-1 factorization and loops on an incorrect/contradictory statement without resolving.
step_2500,test/intermediate_algebra/1992.json,Intermediate Algebra,4,unlikely_right,"Looping on the (9,36) interval case repeating the same check, never assembling the full solution set matching (0,9)∪(9,36)."
step_2500,test/intermediate_algebra/2015.json,Intermediate Algebra,5,unlikely_right,Vieta setup correct but model got stuck in unproductive looping over approaches without deriving the answer.
step_2500,test/intermediate_algebra/279.json,Intermediate Algebra,5,unlikely_right,"Model correctly factors x^4-1 but gets stuck looping over whether to split further, never reaches the Sophie Germain factorization of x^4+4 needed for the answer."
step_2500,test/intermediate_algebra/345.json,Intermediate Algebra,4,unlikely_right,"Stuck in a repetitive rambling loop of 'Alternatively, perhaps...' with no algebraic progress toward a1."
step_2500,test/intermediate_algebra/362.json,Intermediate Algebra,4,unlikely_right,Model is confused about how two circles can intersect at four points and loops on the same sentence without progress.
step_2500,test/intermediate_algebra/558.json,Intermediate Algebra,5,unlikely_right,"Model is stuck repeating 'Alternatively, perhaps...' without making algebraic progress toward the interval (3,4]."
step_2500,test/intermediate_algebra/582.json,Intermediate Algebra,5,unlikely_right,Model is stuck restating the same pairing argument in a loop without computing the actual numeric sum of 850.
step_2500,test/intermediate_algebra/623.json,Intermediate Algebra,2,headed_right,"Model correctly determined the domain excludes only x=0, giving a=b=0 and a+b=0, matching the ground truth."
step_2500,test/intermediate_algebra/776.json,Intermediate Algebra,4,unlikely_right,Model repeats the same recursive setup sentence verbatim in a loop without deriving b.
step_2500,test/intermediate_algebra/960.json,Intermediate Algebra,5,unlikely_right,"Vague generating-function musing with no concrete computation, rambling without converging on a value."
step_2500,test/number_theory/1055.json,Number Theory,5,headed_right,"Model correctly solves the modular equation and computes 7x=203, exactly matching the ground truth answer."
step_2500,test/number_theory/1185.json,Number Theory,3,unlikely_right,Stuck looping on how to interpret the exponent tower without making progress toward computing the units digit.
step_2500,test/number_theory/132.json,Number Theory,1,headed_right,"Correctly computed 12*167=2004 giving remainder 0, matching ground truth."
step_2500,test/number_theory/203.json,Number Theory,3,unlikely_right,"Model is stuck cycling through duplicate-number attempts, never converging toward the correct partition {3,4,7} summing to 14."
step_2500,test/number_theory/417.json,Number Theory,4,headed_right,"Model explicitly derives 11111111100, matching the ground truth answer, before rambling on."
step_2500,test/number_theory/516.json,Number Theory,4,unlikely_right,Model is stuck in a repetitive loop re-deriving the same confused digit positions without ever completing the binary-to-octal conversion.
step_2500,test/number_theory/598.json,Number Theory,3,unlikely_right,Loops repeating the same denominator manipulation without ever converting to a decimal.
step_2500,test/number_theory/612.json,Number Theory,1,unlikely_right,Stuck in an unproductive repetitive loop restating the same confusion without resolving it.
step_2500,test/number_theory/679.json,Number Theory,2,unlikely_right,Model is confused about the problem setup and repeatedly restates approach without computing actual totals.
step_2500,test/prealgebra/1003.json,Prealgebra,5,unlikely_right,Stuck in an infinite repetitive loop restating the same dot-product setup without reaching a numeric result.
step_2500,test/prealgebra/1128.json,Prealgebra,5,unlikely_right,CoT loops on the same confused paragraph about optional hair and never sets up or computes the product of choices.
step_2500,test/prealgebra/1139.json,Prealgebra,5,unlikely_right,"Model is stuck in a verbatim repeating loop of confused hypotheticals, never advances toward counting distinct values."
step_2500,test/prealgebra/1252.json,Prealgebra,2,headed_right,"Model already correctly computed 700-500=200, matching the ground truth answer."
step_2500,test/prealgebra/1317.json,Prealgebra,1,headed_right,Already correctly derived and verified x=4 matching ground truth before degenerating into a repetitive loop; the answer was found.
step_2500,test/prealgebra/1646.json,Prealgebra,5,unlikely_right,Model is stuck in a repetitive loop of speculative restatements without deriving a numeric angle for AFD.
step_2500,test/prealgebra/1733.json,Prealgebra,3,headed_right,"It explicitly computed 1+2-12=-9, matching the ground truth exactly, before looping to re-verify."
step_2500,test/prealgebra/1865.json,Prealgebra,4,unlikely_right,Endlessly re-parsing what the percentages mean in a repeating loop without ever computing values for any grade.
step_2500,test/prealgebra/1961.json,Prealgebra,5,headed_right,"Correctly sets up 2*(2/3)^3 = 16/27 matching the answer, though it later loops in confused self-doubt."
step_2500,test/precalculus/1133.json,Precalculus,5,unlikely_right,"Model is stuck repeating an unresolved cos A cos B cos C formula loop, no progress toward 3R^2."
step_2500,test/precalculus/1146.json,Precalculus,4,unlikely_right,Setup via complex exponentials is valid but the model repeats the same introductory paragraph verbatim multiple times without ever computing the coefficient.
step_2500,test/precalculus/117.json,Precalculus,3,unlikely_right,Stuck in an infinite repetitive loop restating 'angle APB is the angle at P...' with no progress.
step_2500,test/precalculus/1199.json,Precalculus,4,headed_right,"Model correctly reads c=pi from the Asymptote function 2sin(3x+pi)+1, matching the ground truth, just loops restating it instead of formatting."
step_2500,test/precalculus/1201.json,Precalculus,3,unlikely_right,Repeatedly proposes the same unresolved quadratic factoring attempt in a loop without solving for the roots.
step_2500,test/precalculus/801.json,Precalculus,3,unlikely_right,Model repeats the same restated relations in a loop without performing any actual angle calculation.
step_2500,test/precalculus/902.json,Precalculus,5,unlikely_right,"Stuck looping on the same unresolved identity, never using it to actually compute the sixth distance sqrt(66)."
step_2800,test/algebra/1184.json,Algebra,4,unlikely_right,Stuck restating the same pattern-recognition sentence in a loop without computing the term value 129.
step_2800,test/algebra/1529.json,Algebra,3,headed_right,"Already correctly computed t(g(16))=1 early, matching ground truth, before degenerating into a filler loop."
step_2800,test/algebra/2023.json,Algebra,3,headed_right,"Correctly derived x=1 works and repeatedly (if redundantly) concludes the answer is 1, matching ground truth."
step_2800,test/algebra/2517.json,Algebra,5,unlikely_right,Loop repeats -35.96 which is inconsistent with the ground truth -35/9 (~-3.89).
step_2800,test/algebra/2626.json,Algebra,5,unlikely_right,Gets stuck in an unproductive loop decomposing 1.3482 and never performs the final multiplication by 24000.
step_2800,test/algebra/2779.json,Algebra,5,unlikely_right,Correct setup was derived but the model devolves into a hopeless repeating loop before finishing.
step_2800,test/algebra/661.json,Algebra,3,unlikely_right,Stuck repeating identical confused reasoning about day 26 vs 23 with no resolution toward 36
step_2800,test/algebra/972.json,Algebra,4,unlikely_right,"Degenerate repeated loop of the same 'Wait, no, that's not right' block with no numeric progress toward x=11/2"
step_2800,test/counting_and_probability/181.json,Counting & Probability,5,unlikely_right,Model derives non-integer n=37/3 and loops without reaching the correct answer 19.
step_2800,test/counting_and_probability/238.json,Counting & Probability,4,unlikely_right,Stuck in a repetitive denominator-recount loop with no clear correct conclusion in sight.
step_2800,test/counting_and_probability/282.json,Counting & Probability,4,unlikely_right,Model is stuck looping over confusing Asymptote coordinate parsing without making progress toward a probability value.
step_2800,test/counting_and_probability/525.json,Counting & Probability,5,headed_right,"Model's gap method correctly yields 144, matching ground truth, despite confusion comparing to a flawed inclusion-exclusion attempt."
step_2800,test/geometry/106.json,Geometry,2,headed_right,"Already correctly derived perimeter 31 matching ground truth, then loops re-verifying it."
step_2800,test/geometry/248.json,Geometry,2,headed_right,Model repeatedly derives h=5 via V=pi*9*h=45pi despite looping on Asymptote scaling confusion.
step_2800,test/geometry/434.json,Geometry,1,unlikely_right,Model is stuck in an unproductive loop noting coordinate contradictions without deriving x=28 via any angle-chasing approach.
step_2800,test/geometry/477.json,Geometry,3,headed_right,"States the key relation a/2 = radius = 3 (giving edge 6, volume 216) but loops restating the setup instead of concluding."
step_2800,test/geometry/627.json,Geometry,4,unlikely_right,Model is stuck in an infinite loop repeatedly getting x=6 (invalid since x>7) with no path to x=17.
step_2800,test/geometry/795.json,Geometry,3,unlikely_right,"Incorrectly loops toward concluding sin T = 1, contradicting the ground truth sqrt(21)/5."
step_2800,test/geometry/817.json,Geometry,5,unlikely_right,Trying r=7 leads to a degenerate contradiction and the model loops without finding 14/3.
step_2800,test/geometry/880.json,Geometry,5,unlikely_right,"Stuck looping over wall orientation setup, never reaches unfolding/distance computation toward 2√113"
step_2800,test/intermediate_algebra/102.json,Intermediate Algebra,4,unlikely_right,"Model wrongly concludes the sum is a divergent constant 1/φ and loops in confusion, contradicting the correct telescoping approach."
step_2800,test/intermediate_algebra/1197.json,Intermediate Algebra,5,unlikely_right,Model's setup produces a contradiction (two different k values) and then loops repeating the same failed derivation instead of correcting course.
step_2800,test/intermediate_algebra/128.json,Intermediate Algebra,2,unlikely_right,"Model is stuck in a verbatim repetition loop re-deriving step 3 without ever resolving the substitution, no forward progress"
step_2800,test/intermediate_algebra/1422.json,Intermediate Algebra,3,headed_right,"Rational root theorem correctly applied, arriving at 4 distinct possible roots matching the ground truth."
step_2800,test/intermediate_algebra/1508.json,Intermediate Algebra,5,unlikely_right,"Correctly derived x^2-x+1=0 but then gets stuck in an endless repeating loop, never progressing further."
step_2800,test/intermediate_algebra/190.json,Intermediate Algebra,4,unlikely_right,Correct setup but degenerates into an unproductive repeating loop without reaching the answer.
step_2800,test/intermediate_algebra/2015.json,Intermediate Algebra,5,unlikely_right,"Assumes AB+BC+CA=0 for the non-depressed quartic, but this is false for the actual answer set (true value is -8), so the resolvent cubic path is wrong."
step_2800,test/intermediate_algebra/2022.json,Intermediate Algebra,5,unlikely_right,Degenerated into meaningless repetition of 'perhaps n= something else' with no derivation toward 64
step_2800,test/intermediate_algebra/345.json,Intermediate Algebra,4,unlikely_right,"Derives an internally inconsistent recurrence (a5=a1 r^3 contradicts the geometric relation) and explicitly flags the inconsistency without resolving it, looping."
step_2800,test/intermediate_algebra/558.json,Intermediate Algebra,5,unlikely_right,Rambling repeated paragraph with no concrete algebraic progress toward determining the range of lambda.
step_2800,test/intermediate_algebra/582.json,Intermediate Algebra,5,unlikely_right,Stuck in an unproductive loop re-deriving x^10=(13x-1)^10 with no progress toward the Vieta-based sum.
step_2800,test/intermediate_algebra/623.json,Intermediate Algebra,2,unlikely_right,"Stuck in a repetitive loop reasoning about [a,b]={0} being impossible, never converging on a=0,b=0."
step_2800,test/intermediate_algebra/776.json,Intermediate Algebra,4,headed_right,Already explicitly derived b=3 (matching ground truth) before looping while re-deriving it.
step_2800,test/intermediate_algebra/960.json,Intermediate Algebra,5,unlikely_right,Hopeless repetitive loop of 'a+b>c' with no numeric progress toward 17/21.
step_2800,test/intermediate_algebra/964.json,Intermediate Algebra,5,headed_right,"Model repeatedly confirms via correct recursive computation that f(2015,2)=1, matching ground truth"
step_2800,test/number_theory/1002.json,Number Theory,5,headed_right,"CRT setup N=143k+10 with correct mod-7 reduction is on track to yield 1440, just gets stuck in a confused bounds-check loop."
step_2800,test/number_theory/1055.json,Number Theory,5,unlikely_right,Model has degenerated into a meaningless repetition of 'which is 21' with no coherent derivation toward 203.
step_2800,test/number_theory/132.json,Number Theory,1,headed_right,"Model correctly computes 12*167=2004, remainder 0, matching ground truth, just loops restating it."
step_2800,test/number_theory/417.json,Number Theory,4,headed_right,"Model correctly derives 11111111100, matching the ground truth 11,111,111,100."
step_2800,test/number_theory/516.json,Number Theory,4,unlikely_right,Miscomputed the decimal value (1326 instead of correct 1358) and is stuck looping on the same wrong arithmetic.
step_2800,test/number_theory/598.json,Number Theory,3,unlikely_right,Model's long division is internally inconsistent (78.125*0.268≠21) and loops without converging to 0.0000672.
step_2800,test/number_theory/612.json,Number Theory,1,headed_right,"Despite looping, the model repeatedly states the correct final answer 'So the answer is 2', matching ground truth"
step_2800,test/number_theory/679.json,Number Theory,2,unlikely_right,Correctly sums to 126.59 but then loops in genuine conceptual confusion about the coins-to-bills question without extracting the 59-cent answer.
step_2800,test/number_theory/864.json,Number Theory,3,headed_right,"Model computes 6*7=42=52_8, matching the ground-truth answer, and is just re-deriving it via a second method."
step_2800,test/prealgebra/1128.json,Prealgebra,5,unlikely_right,"Stuck in a repetitive loop still confused about whether/how hair counts, never reaching the 2*2*2*2*4=64 computation."
step_2800,test/prealgebra/1139.json,Prealgebra,5,unlikely_right,CoT loops on the same restated framing of the parenthesization problem without enumerating any values.
step_2800,test/prealgebra/1187.json,Prealgebra,2,unlikely_right,Repeatedly misinterprets the trapezoid labels in a circular loop with no correct path found.
step_2800,test/prealgebra/1317.json,Prealgebra,1,headed_right,Already correctly derived x=4 from 10^x=10000 before devolving into a pointless verification loop.
step_2800,test/prealgebra/1356.json,Prealgebra,4,unlikely_right,"Model is stuck in a rambling repetitive loop, never resolving to the 4/9 computation (8 math books / 18 remaining)."
step_2800,test/prealgebra/1646.json,Prealgebra,5,unlikely_right,"Model is confused about how the trisection angles map to x and y, looping without making progress toward angle AFD."
step_2800,test/prealgebra/1733.json,Prealgebra,3,unlikely_right,"Uses '3' instead of the correct running sum 6 when grouping 4+5+6, yielding -12 instead of the correct -9, and loops on this error."
step_2800,test/prealgebra/1865.json,Prealgebra,4,unlikely_right,Confused about what the percentages represent and loops without making progress toward an answer.
step_2800,test/prealgebra/260.json,Prealgebra,4,unlikely_right,"Confused, contradictory reasoning about the tip angle (flip-flops on 72 vs other values) never converging on 36 degrees."
step_2800,test/precalculus/1199.json,Precalculus,4,headed_right,"Model repeatedly identifies c=pi from the Asymptote code, matching the ground-truth answer, but loops without concluding."
step_2800,test/precalculus/1201.json,Precalculus,3,unlikely_right,Cycles through the same failed factoring attempt repeatedly without making progress toward the answer 11.
step_2800,test/precalculus/1202.json,Precalculus,5,headed_right,"Derives cubic 12x^3+14x^2-1=0 with coefficient sum 27, matching the ground truth answer, then loops."
step_2800,test/precalculus/1303.json,Precalculus,1,headed_right,"Model reads DE coordinates as sqrt(51), matching ground truth, just stuck in a repetitive loop confirming it."
step_2800,test/precalculus/190.json,Precalculus,4,unlikely_right,"Correct partial factorization but stuck in an endless self-doubting loop, never confirms the squaring step to reach 9/256."
step_2800,test/precalculus/986.json,Precalculus,5,unlikely_right,Looping through the same failed identity attempts with no numeric result approaching 144
step_2800,test/precalculus/989.json,Precalculus,4,unlikely_right,Degenerates into a repetitive loop listing angles 10/50/70 with no further computation toward 12.
